"Fecha";"ET0"
2015-11-25;3.2511877224968
2015-11-26;3.8909178654594
2015-11-27;1.62556160300432
2015-11-28;2.00096859382498
2015-11-29;1.20058148917302
2015-11-30;1.35524234524787
2015-12-01;1.31732988573476
2015-12-02;1.8418440183719
2015-12-03;1.07258466509572
2015-12-04;0.988199085346967
2015-12-05;0.841542390386828
2015-12-06;0.926684367028722
2015-12-07;0.914957926727988
2015-12-08;1.24596698349916
2015-12-09;1.21712650021097
2015-12-10;0.566373451517171
2015-12-11;0.833180150481815
2015-12-12;0.970780250317279
2015-12-13;1.63383110418384
2015-12-14;1.15510047759594
2015-12-15;1.77876222980425
2015-12-16;2.27623484116172
2015-12-17;1.08118306571913
2015-12-18;1.98563553825157
2015-12-19;1.50452298751052
2015-12-20;0.815854299061714
2015-12-21;0.780095701456969
2015-12-22;0.978490276906944
2015-12-23;0.910954692803747
2015-12-24;1.14140610734953
2015-12-25;0.977172210672512
2015-12-26;0.986454362215829
2015-12-27;0.926751514460363
2015-12-28;0.910886743711244
2015-12-29;1.14897718441921
2015-12-30;2.1742148967134
2015-12-31;2.30513075614721
2016-01-01;0.941631578358119
2016-01-02;1.4633551622524
2016-01-03;1.50901960124105
2016-01-04;2.4631493094171
2016-01-05;2.15584707638357
2016-01-06;2.65601032327967
2016-01-07;1.81515714181462
2016-01-08;1.58050487090528
2016-01-09;1.80173100919378
2016-01-10;1.82669677404051
2016-01-11;3.55101321429086
2016-01-12;1.85576190427632
2016-01-13;1.48506868257765
2016-01-14;1.36556841302523
2016-01-15;1.11212007982778
2016-01-16;2.09196191615194
2016-01-17;2.08379158339217
2016-01-18;2.34308473870416
2016-01-19;1.50443245889566
2016-01-20;1.21715650283943
2016-01-21;1.82747359284657
2016-01-22;1.52995648767341
2016-01-23;1.12627381504777
2016-01-24;1.26360052457606
2016-01-25;1.10409291461083
2016-01-26;0.797575682147605
2016-01-27;0.905143890219055
2016-01-28;1.65503996224481
2016-01-29;0.935081223613268
2016-01-30;2.36256346480555
2016-01-31;2.95174389409192
2016-02-01;2.73115812868152
2016-02-02;1.68229235659026
2016-02-03;1.30464082558766
2016-02-04;1.30523246333868
2016-02-05;1.401931539948
2016-02-06;1.61521849301638
2016-02-07;2.02667565405646
2016-02-08;3.57996513211232
2016-02-09;3.26170980149223
2016-02-10;2.55191594425728
2016-02-11;2.72015454381638
2016-02-12;2.92270457223578
2016-02-13;3.18619937710253
2016-02-14;3.47488919813227
2016-02-15;3.39269319465717
2016-02-16;3.12469159865785
2016-02-17;2.72787603881386
2016-02-18;2.09673125525988
2016-02-19;1.84400770445943
2016-02-20;2.67542405872375
2016-02-21;1.9324011440867
2016-02-22;3.69978086776834
2016-02-23;3.45801814855047
2016-02-24;3.14703939109873
2016-02-25;3.18858090567501
2016-02-26;2.69701488676539
2016-02-27;3.15915060624591
2016-02-28;3.37942121492778
2016-02-29;3.60466372233396
2016-03-01;3.62526810118419
2016-03-02;5.4675867699836
2016-03-03;4.47801143521035
2016-03-04;3.91704142362582
2016-03-05;4.2137504607616
2016-03-06;3.79250832973575
2016-03-07;1.35904396620942
2016-03-08;3.42212007185268
2016-03-09;3.40143827014613
2016-03-10;2.76833402123552
2016-03-11;3.42727256457952
2016-03-12;2.87844640421448
2016-03-13;2.89242955079496
2016-03-14;2.62070606201892
2016-03-15;2.88305431897734
2016-03-16;3.64298265038024
2016-03-17;2.85856822002801
2016-03-18;1.81198405830034
2016-03-19;2.32595883564323
2016-03-20;3.25961847926814
2016-03-21;0.72563669530716
2016-03-22;1.94240911109144
2016-03-23;4.78168374213542
2016-03-24;4.81546748493487
2016-03-25;4.94479145421016
2016-03-26;5.03834048752942
2016-03-27;4.37097771680214
2016-03-28;5.23834818576185
2016-03-29;4.63432712655358
2016-03-30;3.87748982365999
2016-03-31;4.51465207007374
2016-04-01;4.41651343857039
2016-04-02;4.13084623413436
2016-04-03;3.70947233147966
2016-04-04;2.44732772671429
2016-04-05;2.31760474286761
2016-04-06;2.75311936852079
2016-04-07;4.24435220031184
2016-04-08;3.45995435566026
2016-04-09;5.46714137049576
2016-04-10;4.83582552006649
2016-04-11;4.43675236796266
2016-04-12;4.78394421107014
2016-04-13;4.903325254668
2016-04-14;5.04766952103578
2016-04-15;4.50216030127574
2016-04-16;5.11894587294155
2016-04-17;4.97050641228983
2016-04-18;3.59139480196104
2016-04-19;5.18441379160267
2016-04-20;4.98095570375697
2016-04-21;5.98056371352884
2016-04-22;4.14645032762018
2016-04-23;4.34682800560673
2016-04-24;6.14380707297802
2016-04-25;4.28858515620714
2016-04-26;5.33032697300957
2016-04-27;4.24786281079223
2016-04-28;4.68395880185992
2016-04-29;1.85901163482236
2016-04-30;4.80835050643042
2016-05-01;5.33128011447567
2016-05-02;5.08644302128785
2016-05-03;5.70920257599844
2016-05-04;5.48643719870005
2016-05-05;2.73513273404678
2016-05-06;4.25535131069673
2016-05-07;4.04462978903542
2016-05-08;3.485627932568
2016-05-09;2.1305310958286
2016-05-10;2.93955090923249
2016-05-11;5.32290625835339
2016-05-12;4.38888351956486
2016-05-13;5.17173781182391
2016-05-14;6.99291990623535
2016-05-15;5.92622365005373
2016-05-16;5.98952126436293
2016-05-17;5.23333185752656
2016-05-18;5.54036247410409
2016-05-19;7.00389512465165
2016-05-20;5.89827472678756
2016-05-21;5.77965999100089
2016-05-22;6.46909988697247
2016-05-23;6.83208617916917
2016-05-24;5.58108149423347
2016-05-25;6.19839560921833
2016-05-26;5.67980910570202
2016-05-27;6.23921753008439
2016-05-28;6.80497090315645
2016-05-29;7.4230520385441
2016-05-30;7.71823886117493
2016-05-31;6.57272537563379
2016-06-01;7.0786362933324
2016-06-02;7.02797222240059
2016-06-03;7.36085237142532
2016-06-04;5.9936090324598
2016-06-05;6.82993986903666
2016-06-06;7.10397957689269
2016-06-07;6.70324265286669
2016-06-08;7.99934720367037
2016-06-09;8.62789766442004
2016-06-10;8.17894379763569
2016-06-11;6.72517015201949
2016-06-12;7.52012941385128
2016-06-13;9.20730529237922
2016-06-14;8.82061103324656
2016-06-15;7.51631485921879
2016-06-16;6.47465227552718
2016-06-17;7.73815356922795
2016-06-18;7.32440071324426
2016-06-19;6.485104605353
2016-06-20;6.97331016906044
2016-06-21;6.91336513787997
2016-06-22;7.71775273242795
2016-06-23;7.68253977234311
2016-06-24;7.72496572882622
2016-06-25;7.35708113066863
2016-06-26;5.95659212812913
2016-06-27;6.76831068605705
2016-06-28;6.51850813071161
2016-06-29;7.9962071712892
2016-06-30;7.71444063153699
2016-07-01;7.82714450124681
2016-07-02;7.62013564348209
2016-07-03;7.89758523023067
2016-07-04;7.39713550807061
2016-07-05;7.60610756436681
2016-07-06;7.86391604527657
2016-07-07;5.24232538364333
2016-07-08;7.85255787620602
2016-07-09;8.74278133930711
2016-07-10;7.92665418944537
2016-07-11;8.20970423407927
2016-07-12;8.80617084213754
2016-07-13;6.2779467491514
2016-07-14;6.02191749132899
2016-07-15;6.53616943600556
2016-07-16;6.84813599819603
2016-07-17;7.34458420335506
2016-07-18;7.13232492340532
2016-07-19;6.85931812815649
2016-07-20;5.77322761486692
2016-07-21;7.60131368217071
2016-07-22;7.05008034164952
2016-07-23;6.81195060773043
2016-07-24;6.89378745583328
2016-07-25;7.36068269310272
2016-07-26;7.98182091497389
2016-07-27;7.54417740310645
2016-07-28;7.32767965887285
2016-07-29;7.62125990847346
2016-07-30;7.44299397473644
2016-07-31;5.45329486886239
2016-08-01;7.30087794869713
2016-08-02;6.94176539397462
2016-08-03;7.35307023737517
2016-08-04;8.03481025864917
2016-08-05;7.23020874195779
2016-08-06;6.29212394103832
2016-08-07;6.3736373829307
2016-08-08;7.04205674648348
2016-08-09;6.89406945035666
2016-08-10;4.80191140615971
2016-08-11;6.26795783377059
2016-08-12;6.24617725931629
2016-08-13;6.17657422262322
2016-08-14;6.85903490901177
2016-08-15;5.94025367106094
2016-08-16;4.10395639993152
2016-08-17;7.32385759796814
2016-08-18;6.92475363103139
2016-08-19;6.64361833841719
2016-08-20;8.14883751481905
2016-08-21;5.90495655224037
2016-08-22;5.38861319353418
2016-08-23;5.97902768121948
2016-08-24;6.55284128132154
2016-08-25;6.42223525337728
2016-08-26;5.67588373421471
2016-08-27;5.74616782259539
2016-08-28;5.72699783003154
2016-08-29;5.5475843758029
2016-08-30;5.51013650494632
2016-08-31;5.44623778522044
2016-09-01;5.33021130509418
2016-09-02;5.42022222062954
2016-09-03;6.06301909773009
2016-09-04;6.0963837815002
2016-09-05;7.9369994023252
2016-09-06;6.28482826212828
2016-09-07;6.02542844343149
2016-09-08;5.55561398572957
2016-09-09;5.0667497062965
2016-09-10;5.09057607293817
2016-09-11;4.63793018517017
2016-09-12;4.86888769964927
2016-09-13;4.82156371417892
2016-09-14;4.20605466951712
2016-09-15;5.35827688713315
2016-09-16;5.82897295689644
2016-09-17;6.17356030571763
2016-09-18;5.90674523175191
2016-09-19;5.30737137866356
2016-09-20;3.75863381702144
2016-09-21;4.89145898259059
2016-09-22;4.43635485524471
2016-09-23;4.70437997135654
2016-09-24;4.48010450779063
2016-09-25;4.32991514362131
2016-09-26;3.88254459155922
2016-09-27;4.19744544309254
2016-09-28;6.03451505367319
2016-09-29;4.51710590566943
2016-09-30;4.20072249415387
2016-10-01;4.01789080032592
2016-10-02;4.11792274232636
2016-10-03;4.15252589311088
2016-10-04;3.99086001364217
2016-10-05;3.94882928121289
2016-10-06;3.8366702113346
2016-10-07;3.99154719019264
2016-10-08;3.86551980102733
2016-10-09;3.31424840586175
2016-10-10;3.21206131236468
2016-10-11;3.99727129863904
2016-10-12;2.83779626921886
2016-10-13;1.55846022785684
2016-10-14;2.99341814688761
2016-10-15;3.30642427784082
2016-10-16;2.76510910191795
2016-10-17;3.47016445225177
2016-10-18;2.31323384495729
2016-10-19;1.50395473103379
2016-10-20;1.24537017558741
2016-10-21;1.61639719554778
2016-10-22;2.04664366917386
2016-10-23;2.56774896314476
2016-10-24;2.56130242620083
2016-10-25;1.65699971805916
2016-10-26;2.43088584972427
2016-10-27;2.04221679419787
2016-10-28;1.75550728471884
2016-10-29;2.23219282597662
2016-10-30;2.11331300030917
2016-10-31;2.01281818510624
2016-11-01;1.89201328085756
2016-11-02;2.30577162094154
2016-11-03;2.5205765203308
2016-11-04;1.79870042670984
2016-11-05;2.56288146722607
2016-11-06;2.42239675613804
2016-11-07;2.4041208162894
2016-11-08;2.62949212876035
2016-11-09;2.42390286482094
2016-11-10;1.83695539640515
2016-11-11;2.92438278593068
2016-11-12;2.30112766566899
2016-11-13;1.284331598763
2016-11-14;2.48851856320826
2016-11-15;2.27779620932975
2016-11-16;2.02081879766736
2016-11-17;2.06475459939904
2016-11-18;2.06166516303902
2016-11-19;1.89259468664992
2016-11-20;1.29280605042983
2016-11-21;1.12158132676773
2016-11-22;1.64894937737058
2016-11-23;0.974396166458192
2016-11-24;1.21097648156364
2016-11-25;1.24927985079246
2016-11-26;1.41805048467301
2016-11-27;1.11131434582094
2016-11-28;1.25184742406808
2016-11-29;1.35536767427486
2016-11-30;2.33057293657714
2016-12-01;1.46742563796277
2016-12-02;1.12049928922908
2016-12-03;0.81891673054092
2016-12-04;1.68545695505387
2016-12-05;0.910994593692465
2016-12-06;1.12031083197606
2016-12-07;1.22753820717925
2016-12-08;1.1389897411027
2016-12-09;0.794889946285318
2016-12-10;0.744324611599145
2016-12-11;1.03016753134761
2016-12-12;1.19336926282242
2016-12-13;0.757866339433419
2016-12-14;0.83170342305049
2016-12-15;0.591879068944257
2016-12-16;0.637961064709472
2016-12-17;1.27113148031484
2016-12-18;1.07506144990085
2016-12-19;0.944829508119182
2016-12-20;1.82331499270452
2016-12-21;1.63574813701987
2016-12-22;1.5093727976696
2016-12-23;0.970354072829361
2016-12-24;0.799923642388457
2016-12-25;0.981116012460333
2016-12-26;1.1791233336873
2016-12-27;0.855090530817495
2016-12-28;0.908949118888301
2016-12-29;0.798912250797764
2016-12-30;0.738919855744182
2016-12-31;0.975406213012444
2017-01-01;1.00606186498254
2017-01-02;0.810625068163619
2017-01-03;1.5356038921836
2017-01-04;1.9631601308654
2017-01-05;1.47049327441089
2017-01-06;0.765611679405691
2017-01-07;0.827890806456947
2017-01-08;1.01749454445906
2017-01-09;0.83133400455499
2017-01-10;1.6136685443917
2017-01-11;1.55292648171451
2017-01-12;1.41024638168246
2017-01-13;1.85708075564305
2017-01-14;1.70349395253145
2017-01-15;2.25544322097281
2017-01-16;3.40829528896485
2017-01-17;2.07943181730259
2017-01-18;1.07939793789299
2017-01-19;0.529578561327025
2017-01-20;0.979908808795581
2017-01-21;1.32215142146744
2017-01-22;1.84295219609117
2017-01-23;1.45593555755283
2017-01-24;1.62154929287229
2017-01-25;1.99196612108008
2017-01-26;0.993795886356455
2017-01-27;1.03981637818483
2017-01-28;2.37211834224972
2017-01-29;1.36701863037767
2017-01-30;1.88957909958392
2017-01-31;1.2585165936108
2017-02-01;1.45564277966702
2017-02-02;0.778212214554467
2017-02-03;1.56680695655551
2017-02-04;1.76441147603424
2017-02-05;3.45400828650289
2017-02-06;3.02450402527905
2017-02-07;3.94605372079611
2017-02-08;3.2299814884573
2017-02-09;2.53781524093269
2017-02-10;1.36852815876304
2017-02-11;1.72624692068404
2017-02-12;1.69602326593176
2017-02-13;2.17515250130328
2017-02-14;1.9754478602018
2017-02-15;1.81230299938587
2017-02-16;1.54046818944782
2017-02-17;1.19513660465325
2017-02-18;1.84935774868787
2017-02-19;2.16241973793309
2017-02-20;1.68488538919488
2017-02-21;2.39682558398852
2017-02-22;2.35166340184074
2017-02-23;2.06122341485172
2017-02-24;1.58401778694144
2017-02-25;2.22163698273256
2017-02-26;2.11004985890645
2017-02-27;2.74760757700458
2017-02-28;3.50738729516254
2017-03-01;2.74312641073818
2017-03-02;2.8517408051777
2017-03-03;2.15641480025554
2017-03-04;1.84375881452839
2017-03-05;2.94460233541151
2017-03-06;4.00424987318483
2017-03-07;4.80303252390382
2017-03-08;3.32303493449746
2017-03-09;3.76047298809351
2017-03-10;5.14031436348256
2017-03-11;3.61702537484317
2017-03-12;3.28363110163442
2017-03-13;0.905951764358201
2017-03-14;2.95786347474495
2017-03-15;3.08567637107993
2017-03-16;2.77305621427838
2017-03-17;2.14876138646946
2017-03-18;3.27740344287468
2017-03-19;3.63904640699083
2017-03-20;2.65027750963394
2017-03-21;4.04750803159083
2017-03-22;3.82260710701206
2017-03-23;3.48332450055488
2017-03-24;2.54009798789753
2017-03-25;3.46038877219194
2017-03-26;3.48706219018842
2017-03-27;3.62344167137967
2017-03-28;3.7819628065573
2017-03-29;3.61153690157991
2017-03-30;3.63180213114034
2017-03-31;3.70358808559648
2017-04-01;5.21152902062477
2017-04-02;4.60538720349601
2017-04-03;3.62435431836407
2017-04-04;3.87551155013872
2017-04-05;3.35423227881555
2017-04-06;3.42548044400474
2017-04-07;3.86324509704303
2017-04-08;3.7034628080379
2017-04-09;3.2577855668124
2017-04-10;3.69741347422527
2017-04-11;4.33993154052751
2017-04-12;4.21580360108327
2017-04-13;5.2151376621179
2017-04-14;5.00020612143911
2017-04-15;4.7000560681559
2017-04-16;2.88784302091392
2017-04-17;4.4303380321135
2017-04-18;4.65833662684566
2017-04-19;3.43813702733912
2017-04-20;4.74230294563646
2017-04-21;4.59984493872309
2017-04-22;3.6803910012852
2017-04-23;4.07326402462293
2017-04-24;4.39052402473782
2017-04-25;4.44297724059917
2017-04-26;4.90627565951528
2017-04-27;1.21478096096515
2017-04-28;1.05148580350959
2017-04-29;1.55011453748449
2017-04-30;4.37276339620149
2017-05-01;5.19260342402659
2017-05-02;4.56051430964006
2017-05-03;4.88520910604022
2017-05-04;4.4884731873425
2017-05-05;4.48019521108561
2017-05-06;5.84166165756011
2017-05-07;5.41666713603046
2017-05-08;5.88908955467115
2017-05-09;5.70093417389909
2017-05-10;5.46327063679143
2017-05-11;4.69312040042666
2017-05-12;5.52605574940792
2017-05-13;5.85787120242155
2017-05-14;6.54784184150629
2017-05-15;5.50742715714538
2017-05-16;5.43269290636295
2017-05-17;5.78872774658325
2017-05-18;6.16322469438095
2017-05-19;4.86509206458867
2017-05-20;5.63556805565689
2017-05-21;4.49578059604791
2017-05-22;6.11335764374225
2017-05-23;5.94055293465722
2017-05-24;6.38730283729366
2017-05-25;6.64227920649828
2017-05-26;7.00240078225932
2017-05-27;7.16222044325321
2017-05-28;7.22760657775561
2017-05-29;5.0366670029004
2017-05-30;5.65738830390683
2017-05-31;6.04830501925941
2017-06-01;6.24913166501309
2017-06-02;6.2120718719405
2017-06-03;6.44545604137745
2017-06-04;4.59948688925055
2017-06-05;7.35153864613106
2017-06-06;8.27023910456929
2017-06-07;6.428398251465
2017-06-08;6.54813753228334
2017-06-09;5.77235051774785
2017-06-10;6.10398600162166
2017-06-11;7.32014971634323
2017-06-12;7.05402320955755
2017-06-13;7.71287098263129
2017-06-14;7.35968458482255
2017-06-15;7.04523177857653
2017-06-16;7.66729550735364
2017-06-17;7.21581091653982
2017-06-18;7.24742766852495
2017-06-19;6.72068522272559
2017-06-20;7.2477860494064
2017-06-21;7.39914379614164
2017-06-22;7.50700552906395
2017-06-23;8.53150776100028
2017-06-24;8.21254553909079
2017-06-25;7.16760026298507
2017-06-26;7.51770208764514
2017-06-27;5.79311250762544
2017-06-28;8.50396307248716
2017-06-29;8.16095059979654
2017-06-30;7.91505111730171
2017-07-01;5.56758450554819
2017-07-02;6.17076215426534
2017-07-03;6.76859085184285
2017-07-04;6.83441298785531
2017-07-05;6.26691591349776
2017-07-06;6.58101860986744
2017-07-07;3.88038313157594
2017-07-08;7.64633046453345
2017-07-09;8.41753935279531
2017-07-10;7.82554169624891
2017-07-11;6.80004446628891
2017-07-12;8.44599512746334
2017-07-13;6.94352598967303
2017-07-14;6.77496904370248
2017-07-15;6.69278223418062
2017-07-16;7.51152000164915
2017-07-17;7.48044458158945
2017-07-18;7.40545410567339
2017-07-19;7.22074637966193
2017-07-20;7.71558422830115
2017-07-21;6.92326046017978
2017-07-22;6.97879270404331
2017-07-23;7.17796194372085
2017-07-24;7.39121838681878
2017-07-25;6.56621907160314
2017-07-26;6.94817791999168
2017-07-27;7.48929035820349
2017-07-28;7.64195180341525
2017-07-29;7.20398083457774
2017-07-30;8.40712614259984
2017-07-31;6.77452330541293
2017-08-01;5.60940152392626
2017-08-02;6.14162699907963
2017-08-03;7.66396660078258
2017-08-04;7.69806315966149
2017-08-05;7.75552557728346
2017-08-06;6.15510801837958
2017-08-07;5.36949063068818
2017-08-08;8.45942090622368
2017-08-09;6.86506079810782
2017-08-10;4.62055131972861
2017-08-11;6.17146782612924
2017-08-12;6.33248218649201
2017-08-13;6.34168113953473
2017-08-14;6.19951589290476
2017-08-15;5.52791712718813
2017-08-16;5.86054885201977
2017-08-17;6.06464145002488
2017-08-18;6.08979798240536
2017-08-19;6.31238153338653
2017-08-20;5.44273581320157
2017-08-21;5.20130149614792
2017-08-22;5.88191158827668
2017-08-23;6.33429071815447
2017-08-24;5.73896038953182
2017-08-25;5.27369067933945
2017-08-26;5.52572287276517
2017-08-27;4.00750003022728
2017-08-28;3.2266903243233
2017-08-29;1.6668720372632
2017-08-30;2.22740750535554
2017-08-31;4.54197342652299
2017-09-01;4.25101092543967
2017-09-02;4.13598107320115
2017-09-03;4.39693686668901
2017-09-04;5.62162169460631
2017-09-05;5.19053002980505
2017-09-06;5.03880644236746
2017-09-07;3.73800748528813
2017-09-08;4.37386328342201
2017-09-09;3.84197579702344
2017-09-10;5.10901558331599
2017-09-11;6.76651066505969
2017-09-12;5.16870999096531
2017-09-13;5.02064622669543
2017-09-14;6.39203491811452
2017-09-15;4.69139830040161
2017-09-16;3.43762099577584
2017-09-17;3.80127633343812
2017-09-18;5.4292937585884
2017-09-19;4.60175744633041
2017-09-20;3.90026881065774
2017-09-21;4.18488054705623
2017-09-22;3.85007023828181
2017-09-23;3.77408080487419
2017-09-24;4.45490918104802
2017-09-25;5.47901202995138
2017-09-26;4.63564776296846
2017-09-27;3.24718274059701
2017-09-28;3.55894314243003
2017-09-29;3.66094694895221
2017-09-30;3.59477566205203
2017-10-01;2.72865247504629
2017-10-02;3.47037912285463
2017-10-03;3.74122619653184
2017-10-04;3.61921118679273
2017-10-05;3.8484254417456
2017-10-06;3.99110637773071
2017-10-07;3.20955653428876
2017-10-08;3.00829141708306
2017-10-09;3.21266810295321
2017-10-10;3.10651707348713
2017-10-11;2.98224961060195
2017-10-12;3.35159578835826
2017-10-13;4.20404487435561
2017-10-14;3.16950473629587
2017-10-15;3.14492939197236
2017-10-16;3.21676170965797
2017-10-17;2.60735635874954
2017-10-18;1.43912725113126
2017-10-19;2.78600377819219
2017-10-20;2.89388158549592
2017-10-21;2.7991391797675
2017-10-22;2.38608976203028
2017-10-23;1.73379445883704
2017-10-24;2.49632193955398
2017-10-25;2.72382047694271
2017-10-26;2.57373551932721
2017-10-27;2.57921498835756
2017-10-28;1.7338710976884
2017-10-29;1.7629796983062
2017-10-30;1.89697011632658
2017-10-31;1.63797011754813
2017-11-01;1.55155857629557
2017-11-02;1.61675425664331
2017-11-03;1.24410651204857
2017-11-04;1.98255484973772
2017-11-05;2.96261723107526
2017-11-06;2.33196645622877
2017-11-07;2.04986302511215
2017-11-08;2.56960673353689
2017-11-09;2.31725087820268
2017-11-10;2.64034689232872
2017-11-11;2.47970579088892
2017-11-12;3.39355630471762
2017-11-13;3.38056339685238
2017-11-14;1.9344726478048
2017-11-15;1.47631443183762
2017-11-16;1.79663103093826
2017-11-17;1.38854563216901
2017-11-18;1.58923853858583
2017-11-19;1.14471715922153
2017-11-20;1.15954164981839
2017-11-21;2.0367085921655
2017-11-22;1.23597277117814
2017-11-23;2.2645918474074
2017-11-24;1.92712961514306
2017-11-25;0.87134939899352
2017-11-26;1.33205272219803
2017-11-27;0.934125926785316
2017-11-28;0.759503704327869
2017-11-29;0.678606763726036
2017-11-30;1.59043420233526
2017-12-01;2.37087072357084
2017-12-02;2.65175209547009
2017-12-03;1.85802975545787
2017-12-04;1.5252482687909
2017-12-05;1.39138356731079
2017-12-06;1.33864219059107
2017-12-07;1.57965291017243
2017-12-08;2.44538431475924
2017-12-09;1.27189578521794
2017-12-10;1.2858908063756
2017-12-11;1.9976944451637
2017-12-12;1.71848776628949
2017-12-13;1.89369360998069
2017-12-14;2.15391274661089
2017-12-15;1.56572573390945
2017-12-16;1.93373859897189
2017-12-17;1.76048725841915
2017-12-18;1.67201293373604
2017-12-19;1.81925872772081
2017-12-20;1.54526056498208
2017-12-21;1.35499812030627
2017-12-22;1.91503809239273
2017-12-23;0.848400481820742
2017-12-24;0.662001467528327
2017-12-25;1.18880589550666
2017-12-26;1.11378700034179
2017-12-27;2.70575017503895
2017-12-28;1.89297990028348
2017-12-29;2.0125426867265
2017-12-30;2.23848556569386
2017-12-31;1.90060928869459
2018-01-01;2.68418160438619
2018-01-02;3.34660453423621
2018-01-03;3.56172349711291
2018-01-04;3.58254713581711
2018-01-05;2.01514710214868
2018-01-06;0.997567249400252
2018-01-07;0.963071793198638
2018-01-08;0.943140091726026
2018-01-09;1.08673881223587
2018-01-10;1.5874907943289
2018-01-11;2.39692649071129
2018-01-12;1.70169114948877
2018-01-13;0.866237811086704
2018-01-14;1.55032196692838
2018-01-15;1.08637723362835
2018-01-16;2.58167177806113
2018-01-17;2.23314586797468
2018-01-18;1.22776998169996
2018-01-19;1.01057544323617
2018-01-20;2.89308162175267
2018-01-21;3.34060237086749
2018-01-22;3.95641288095241
2018-01-23;2.26886208753129
2018-01-24;1.31724382733273
2018-01-25;1.12725726032851
2018-01-26;2.26905387091745
2018-01-27;1.93765200071086
2018-01-28;1.53081930467986
2018-01-29;1.35828309038618
2018-01-30;0.978430747360307
2018-01-31;1.38831126882999
2018-02-01;1.70057975708135
2018-02-02;1.09521380700272
2018-02-03;2.39439566280146
2018-02-04;1.17306951774728
2018-02-05;1.46956215239859
2018-02-06;2.2068517723584
2018-02-07;2.07392838999965
2018-02-08;2.16455533035615
2018-02-09;2.17929828874165
2018-02-10;2.0953997681259
2018-02-11;2.52013002303721
2018-02-12;1.33340603115818
2018-02-13;2.56204608234576
2018-02-14;3.6551407414305
2018-02-15;3.0848766624144
2018-02-16;1.90895361728688
2018-02-17;3.05516394833662
2018-02-18;0.843028850022631
2018-02-19;2.05876601049602
2018-02-20;2.82569064462724
2018-02-21;2.44615125632158
2018-02-22;2.52743668527489
2018-02-23;2.39968064524045
2018-02-24;1.94188052393702
2018-02-25;2.95612469802882
2018-02-26;3.45281047622336
2018-02-27;0.68052280302116
2018-02-28;2.40555919135151
2018-03-01;3.21141522504752
2018-03-02;1.43046606814992
2018-03-03;2.19896895164728
2018-03-04;1.38397865006539
2018-03-05;2.02885400067714
2018-03-06;2.90420019828998
2018-03-07;3.40223850940149
2018-03-08;2.17472779613268
2018-03-09;3.78208767262831
2018-03-10;4.50356630196054
2018-03-11;5.45974612786878
2018-03-12;3.61522973073527
2018-03-13;3.02942833171861
2018-03-14;3.41702409259882
2018-03-15;3.28212405632081
2018-03-16;3.3131677839385
2018-03-17;3.82324789743069
2018-03-18;3.09797837711266
2018-03-19;3.78577456519109
2018-03-20;3.804454304177
2018-03-21;3.68956942411334
2018-03-22;4.21868620057118
2018-03-23;4.51232004170629
2018-03-24;4.637151846595
2018-03-25;3.55322127766348
2018-03-26;4.16942397527644
2018-03-27;5.31844539776064
2018-03-28;6.28327916353354
2018-03-29;3.74702561035942
2018-03-30;4.64066178778024
2018-03-31;4.24881782523606
2018-04-01;4.27846635867232
2018-04-02;3.40505743775366
2018-04-03;4.37485467097492
2018-04-04;4.73141081998018
2018-04-05;5.04656627789229
2018-04-06;2.94140062359629
2018-04-07;2.82866744988808
2018-04-08;4.21424562629463
2018-04-09;4.70897123180747
2018-04-10;4.21642945869079
2018-04-11;4.42108046506791
2018-04-12;5.00854186214339
2018-04-13;3.64463792621129
2018-04-14;4.34007174778762
2018-04-15;5.89666944912653
2018-04-16;5.43300295118679
2018-04-17;5.12777520133858
2018-04-18;5.11721068953326
2018-04-19;4.83576230287375
2018-04-20;4.38552350675672
2018-04-21;4.72093515811903
2018-04-22;5.85248807890586
2018-04-23;6.59467342247987
2018-04-24;8.29024399272537
2018-04-25;2.11999515146285
2018-04-26;3.12364402424594
2018-04-27;4.82769085269035
2018-04-28;4.55125828516518
2018-04-29;5.93183494768924
2018-04-30;3.93595620254794
2018-05-01;4.09889116261905
2018-05-02;5.61871082234187
2018-05-03;5.84117212490367
2018-05-04;4.856235720159
2018-05-05;4.67971612263993
2018-05-06;4.98789082110438
2018-05-07;4.86814510342988
2018-05-08;4.78925774488299
2018-05-09;5.08027704961814
2018-05-10;2.92932883215745
2018-05-11;4.44985510364821
2018-05-12;6.03692333255457
2018-05-13;6.10070336342125
2018-05-14;5.41477479625525
2018-05-15;4.95534088205271
2018-05-16;5.61227697516502
2018-05-17;5.01023184478064
2018-05-18;5.04616585890368
2018-05-19;4.98350311839976
2018-05-20;5.15595219144448
2018-05-21;5.32045196809791
2018-05-22;6.11449078272709
2018-05-23;5.42521396128108
2018-05-24;6.69657443214324
2018-05-25;6.68023783426637
2018-05-26;5.50297157730598
2018-05-27;5.77469106030523
2018-05-28;6.98612477240964
2018-05-29;4.97962603349523
2018-05-30;5.14522053757337
2018-05-31;6.25818628991535
2018-06-01;5.99267921980275
2018-06-02;2.84131443494458
2018-06-03;5.83390654560673
2018-06-04;6.22702014918308
2018-06-05;3.62190983302462
2018-06-06;3.90752942731099
2018-06-07;5.9938501568425
2018-06-08;6.22999773490246
2018-06-09;4.85042941129431
2018-06-10;5.49759767419145
2018-06-11;6.13556545482942
2018-06-12;7.67766479531914
2018-06-13;7.37843459010511
2018-06-14;6.94928625189836
2018-06-15;6.51052321764232
2018-06-16;7.12034588136044
2018-06-17;6.97619342358546
2018-06-18;6.9289819677898
2018-06-19;6.40438401188077
2018-06-20;6.87435682601639
2018-06-21;7.58062864286759
2018-06-22;7.94080541155344
2018-06-23;7.95035667765321
2018-06-24;7.21645814372384
2018-06-25;7.22813914241993
2018-06-26;7.68262932543576
2018-06-27;7.46517618699251
2018-06-28;6.74105213493198
2018-06-29;6.95411825519057
2018-06-30;7.32544292484773
2018-07-01;7.66078593028159
2018-07-02;8.84363879446962
2018-07-03;7.96430127859137
2018-07-04;7.50141763701235
2018-07-05;9.6412119132114
2018-07-06;7.94307634433531
2018-07-07;7.0769901800293
2018-07-08;7.98826024568542
2018-07-09;8.2095253181839
2018-07-10;8.05331866942126
2018-07-11;7.55408695778717
2018-07-12;7.55286244783191
2018-07-13;7.1044903921247
2018-07-14;7.79441124746539
2018-07-15;8.03760036149689
2018-07-16;9.53135291777984
2018-07-17;8.09969454737144
2018-07-18;7.69136125963415
2018-07-19;7.15569936719085
2018-07-20;7.19033965353238
2018-07-21;7.1539256841813
2018-07-22;6.35455065447466
2018-07-23;7.40609397315382
2018-07-24;8.22170606344654
2018-07-25;7.77776100510286
2018-07-26;7.30185609021083
2018-07-27;7.34538174110841
2018-07-28;9.22386902933586
2018-07-29;7.76512956255784
2018-07-30;8.13681252933655
2018-07-31;7.48424496685453
2018-08-01;7.562842565371
2018-08-02;7.22729370581258
2018-08-03;7.84154207092255
2018-08-04;7.36174023473558
2018-08-05;7.46780011901431
2018-08-06;8.66864335326536
2018-08-07;6.97101462302656
2018-08-08;6.34721042879463
2018-08-09;6.40425276402667
2018-08-10;6.88736462065321
2018-08-11;6.31147550222168
2018-08-12;6.37864459042042
2018-08-13;6.66441126387486
2018-08-14;6.18065657989027
2018-08-15;4.43290516249333
2018-08-16;4.43685619309598
2018-08-17;5.3874988946371
2018-08-18;5.08745980316257
2018-08-19;3.76757305840501
2018-08-20;6.56755576454076
2018-08-21;6.7414945003763
2018-08-22;6.39455358971876
2018-08-23;6.28014809483554
2018-08-24;7.00850747782178
2018-08-25;5.66052641925932
2018-08-26;5.20249544693851
2018-08-27;5.70208586373944
2018-08-28;5.34116545914069
2018-08-29;6.04605406435911
2018-08-30;4.77707794692981
2018-08-31;5.18349282835346
2018-09-01;5.41494664589642
2018-09-02;5.11437207318123
2018-09-03;4.09852004980866
2018-09-04;5.23458176344309
2018-09-05;5.19489270811378
2018-09-06;6.26834067887365
2018-09-07;5.45742581766903
2018-09-08;2.03079796269784
2018-09-09;3.11844316908202
2018-09-10;5.35030455092329
2018-09-11;4.17831903097762
2018-09-12;3.78604264163239
2018-09-13;5.1314110254685
2018-09-14;4.02435624579805
2018-09-15;2.27721351607378
2018-09-16;4.13200272171018
2018-09-17;3.32117514878382
2018-09-18;3.80493580952214
2018-09-19;4.20681320048228
2018-09-20;4.24018350428557
2018-09-21;4.59148831443186
2018-09-22;4.40916965782088
2018-09-23;4.78956384318478
2018-09-24;4.96941820506987
2018-09-25;4.12357815534752
2018-09-26;4.62078285163297
2018-09-27;4.36357746334063
2018-09-28;3.77007876514796
2018-09-29;4.43569085280661
2018-09-30;4.040120676844
2018-10-01;3.6654548617286
2018-10-02;3.41077000692413
2018-10-03;3.96927604373309
2018-10-04;3.4933609258745
2018-10-05;3.27543301335351
2018-10-06;3.57880205652175
2018-10-07;5.01945696149308
2018-10-08;2.46185734390042
2018-10-09;2.14720173848133
2018-10-10;3.40557066968899
2018-10-11;2.64200332315067
2018-10-12;3.18604201036019
2018-10-13;2.55229404309154
2018-10-14;1.60463206704497
2018-10-15;3.25119618779434
2018-10-16;2.31898767049739
2018-10-17;3.35577889969592
2018-10-18;2.62087455728909
2018-10-19;2.3766805296406
2018-10-20;2.38952932615121
2018-10-21;2.66804423834838
2018-10-22;3.10771283781479
2018-10-23;1.58541776494339
2018-10-24;3.08648230933089
2018-10-25;3.36526812086268
2018-10-26;2.30409936923269
2018-10-27;1.89475415898195
2018-10-28;2.66469136455451
2018-10-29;3.18678769704016
2018-10-30;0.894187194512008
2018-10-31;2.39442170005459
2018-11-01;2.21640429463995
2018-11-02;2.16792659241809
2018-11-03;2.23835311680429
2018-11-04;2.68377510675996
2018-11-05;0.80701172705326
2018-11-06;1.74067580719749
2018-11-07;1.89578617815546
2018-11-08;1.33818059265992
2018-11-09;2.6806513210995
2018-11-10;2.33621330539906
2018-11-11;1.94028769388459
2018-11-12;1.66688537880573
2018-11-13;1.63118170741369
2018-11-14;1.5288226590283
2018-11-15;1.34569435902129
2018-11-16;1.36636224704518
2018-11-17;1.32326302798431
2018-11-18;1.5530525486291
2018-11-19;0.781452423530916
2018-11-20;1.12037418839803
2018-11-21;0.758255392791052
2018-11-22;0.833950245036285
2018-11-23;1.03927519761689
2018-11-24;1.51741451225579
2018-11-25;1.08579384060447
2018-11-26;2.37805373569687
2018-11-27;2.32731663134108
2018-11-28;2.06243777681687
2018-11-29;1.22556335542099
2018-11-30;1.77639095521904
2018-12-01;1.90574921272353
2018-12-02;1.67961630715526
2018-12-03;1.78249532637042
2018-12-04;1.35254337301978
2018-12-05;1.41269207840313
2018-12-06;1.78030861234155
2018-12-07;1.5341728487469
2018-12-08;1.64615271325094
2018-12-09;2.16859866864204
2018-12-10;1.10736028442242
2018-12-11;0.959283186814313
2018-12-12;1.71899602649992
2018-12-13;1.57602406018475
2018-12-14;2.48729821898106
2018-12-15;2.13462638407789
2018-12-16;2.08739084451658
2018-12-17;1.35098442202726
2018-12-18;0.755870106011464
2018-12-19;1.62068199853686
2018-12-20;1.84157571995507
2018-12-21;1.5291087165183
2018-12-22;1.56101305707596
2018-12-23;0.895568263332553
2018-12-24;1.3525691570445
2018-12-25;0.762765002203474
2018-12-26;0.909738032454144
2018-12-27;0.775281108028614
2018-12-28;0.884807741119593
2018-12-29;0.963860523648075
2018-12-30;0.924625497138781
2018-12-31;1.50361878567093
2019-01-01;1.58656776570455
2019-01-02;1.50340849418061
2019-01-03;0.768072657330887
2019-01-04;1.05523965702169
2019-01-05;1.41520603941204
2019-01-06;1.87790492417308
2019-01-07;1.31499371545346
2019-01-08;1.30938022396814
2019-01-09;2.29747894497874
2019-01-10;1.42994780538583
2019-01-11;1.55831842050964
2019-01-12;1.48201187169949
2019-01-13;1.69596535001407
2019-01-14;2.43817634312423
2019-01-15;0.968651647696364
2019-01-16;1.20663669020894
2019-01-17;1.53440000826368
2019-01-18;1.34546007868988
2019-01-19;1.69446747238522
2019-01-20;1.019342273454
2019-01-21;1.63735134744569
2019-01-22;1.98383474671339
2019-01-23;2.83134586128016
2019-01-24;1.98961376475082
2019-01-25;2.44358735124211
2019-01-26;1.81429368081274
2019-01-27;2.69552070388469
2019-01-28;3.1308400480196
2019-01-29;2.6955626756823
2019-01-30;1.68243006122438
2019-01-31;2.81495868019466
2019-02-01;3.50872457168091
2019-02-02;3.271560838705
2019-02-03;2.7459909131521
2019-02-04;1.82058691604589
2019-02-05;2.57756239790248
2019-02-06;2.00271215039037
2019-02-07;2.91268956410365
2019-02-08;1.54851239008413
2019-02-09;2.20527381700647
2019-02-10;2.56549469283124
2019-02-11;2.56531898849836
2019-02-12;1.53137755823091
2019-02-13;1.67436498740267
2019-02-14;1.5946469454804
2019-02-15;1.54838124534634
2019-02-16;2.01631443126514
2019-02-17;1.64020650326025
2019-02-18;1.52256727078608
2019-02-19;2.27032681785738
2019-02-20;2.06417861581849
2019-02-21;1.72023065029113
2019-02-22;2.71342353712277
2019-02-23;4.02685039336377
2019-02-24;2.15029596196743
2019-02-25;2.5841770643202
2019-02-26;2.76225229251626
2019-02-27;2.83936720283239
2019-02-28;4.21237374573008
2019-03-01;2.63895726280909
2019-03-02;2.66817366599673
2019-03-03;3.07124101916328
2019-03-04;3.54449948218992
2019-03-05;2.64738287564128
2019-03-06;2.65903729968027
2019-03-07;2.76606912482652
2019-03-08;2.65192341635852
2019-03-09;3.1470059293439
2019-03-10;4.00150734885991
2019-03-11;3.02328581610575
2019-03-12;3.21799510369666
2019-03-13;3.29327091983191
2019-03-14;3.32514133837781
2019-03-15;3.92466085733084
2019-03-16;3.73150820921483
2019-03-17;4.82861207631962
2019-03-18;2.09666808580873
2019-03-19;2.17247305025705
2019-03-20;2.0189254155399
2019-03-21;3.2707929657344
2019-03-22;3.46062030196601
2019-03-23;1.70288066830851
2019-03-24;3.22244435866038
2019-03-25;3.72252336179175
2019-03-26;3.25223427517131
2019-03-27;3.72051018699433
2019-03-28;3.91209185141895
2019-03-29;2.63341006169238
2019-03-30;3.18872156920216
2019-03-31;0.73396224993075
2019-04-01;2.28605564293905
2019-04-02;3.57833731158141
2019-04-03;4.1422244899095
2019-04-04;3.4529428222251
2019-04-05;2.95381771371491
2019-04-06;2.70854463992883
2019-04-07;3.58546387799414
2019-04-08;3.27044733794961
2019-04-09;4.52891404670322
2019-04-10;3.89492895880897
2019-04-11;5.00271130267317
2019-04-12;5.03346870879838
2019-04-13;5.34039873451874
2019-04-14;5.75546796960153
2019-04-15;4.2145700107532
2019-04-16;5.30535650732168
2019-04-17;4.27545923728482
2019-04-18;1.69180306288467
2019-04-19;0.772912166485813
2019-04-20;0.781538428417832
2019-04-21;1.40418282992463
2019-04-22;1.97387846244564
2019-04-23;2.88999017981622
2019-04-24;4.2407879219762
2019-04-25;3.35206039466345
2019-04-26;5.06441547378126
2019-04-27;4.44708463154938
2019-04-28;4.70478518804968
2019-04-29;3.90225393414193
2019-04-30;4.32341225772056
2019-05-01;4.28307343240287
2019-05-02;4.66673980601316
2019-05-03;4.40771047629286
2019-05-04;5.25053680440777
2019-05-05;4.58212075531812
2019-05-06;4.2849171047255
2019-05-07;4.89973686227483
2019-05-08;6.06602915896341
2019-05-09;5.81274038902616
2019-05-10;6.98204141858747
2019-05-11;7.85021824017938
2019-05-12;5.6309267504845
2019-05-13;4.55948964814132
2019-05-14;5.92323415349729
2019-05-15;8.07474066292374
2019-05-16;5.92919818371944
2019-05-17;5.83061824452713
2019-05-18;5.0298448694295
2019-05-19;6.39184331108787
2019-05-20;5.06634279688793
2019-05-21;4.47580074943725
2019-05-22;6.15904416612864
2019-05-23;6.8084862764352
2019-05-24;5.4382622011561
2019-05-25;4.149034207223
2019-05-26;6.84349287207422
2019-05-27;7.87965538082615
2019-05-28;6.2176606958197
2019-05-29;5.81050590032893
2019-05-30;6.1986620598561
2019-05-31;6.33124003198846
2019-06-01;6.7911738686812
2019-06-02;7.37371258568077
2019-06-03;7.26246500836383
2019-06-04;7.39466404113781
2019-06-05;6.15655962822186
2019-06-06;7.63667834413435
2019-06-07;7.45990341321156
2019-06-08;6.92023932703595
2019-06-09;6.00339045700847
2019-06-10;8.90081875312139
2019-06-11;6.95422784325912
2019-06-12;6.9142087175571
2019-06-13;7.16534664091698
2019-06-14;6.72083701344525
2019-06-15;8.2538483350783
2019-06-16;5.09483943369797
2019-06-17;7.83780199410437
2019-06-18;7.25122436896785
2019-06-19;8.13812389756668
2019-06-20;8.3790140741882
2019-06-21;6.37853844451845
2019-06-22;6.61840615918356
2019-06-23;7.44989732879722
2019-06-24;7.064810883447
2019-06-25;6.92391516633761
2019-06-26;6.89198851150446
2019-06-27;9.17618963879186
2019-06-28;8.22975030629421
2019-06-29;8.42581217388622
2019-06-30;8.63030727329508
2019-07-01;8.11398567435872
2019-07-02;6.17887354363332
2019-07-03;7.84369777468874
2019-07-04;7.40282874131577
2019-07-05;7.15988250286798
2019-07-06;7.29775567970553
2019-07-07;8.61134475763215
2019-07-08;5.61874744793759
2019-07-09;8.94099139234402
2019-07-10;7.4021215786806
2019-07-11;7.87013411669724
2019-07-12;8.82542389339201
2019-07-13;7.75632501483257
2019-07-14;9.57804882781926
2019-07-15;9.43769822932978
2019-07-16;7.16023985699905
2019-07-17;7.33878241523569
2019-07-18;7.61987810271476
2019-07-19;8.14092417423072
2019-07-20;8.53411180234624
2019-07-21;9.41729003995303
2019-07-22;8.74394391056794
2019-07-23;9.13299488374904
2019-07-24;8.35236964412008
2019-07-25;7.95803238426104
2019-07-26;7.5734662173855
2019-07-27;8.75175821101042
2019-07-28;7.7312099797554
2019-07-29;7.0663129666846
2019-07-30;7.25128109419281
2019-07-31;5.93611343944408
2019-08-01;6.24670077750798
2019-08-02;6.37191215562536
2019-08-03;6.41356447647013
2019-08-04;6.95465455857613
2019-08-05;6.72657233596474
2019-08-06;7.93263425216305
2019-08-07;7.64435014575565
2019-08-08;7.69811342288868
2019-08-09;8.92065562014296
2019-08-10;8.27487982048104
2019-08-11;6.61564094321534
2019-08-12;8.28828285097291
2019-08-13;5.46600845618703
2019-08-14;6.2465468073195
2019-08-15;6.73050803384041
2019-08-16;6.51834112892947
2019-08-17;7.16793311004475
2019-08-18;7.19719352874947
2019-08-19;6.68787808072651
2019-08-20;5.58722824002647
2019-08-21;5.18720241339938
2019-08-22;5.51447094158443
2019-08-23;5.77262050589209
2019-08-24;5.43243865645317
2019-08-25;5.52168101974624
2019-08-26;4.67576279104606
2019-08-27;4.10922077526336
2019-08-28;5.39555544764306
2019-08-29;4.39986243952731
2019-08-30;5.26370150682542
2019-08-31;4.90355281166228
2019-09-01;5.67050063991249
2019-09-02;3.76886625255155
2019-09-03;5.04422962623839
2019-09-04;4.9938123901076
2019-09-05;4.30400971772494
2019-09-06;4.49077573185955
2019-09-07;5.02091965632777
2019-09-08;4.69489748502621
2019-09-09;4.50015009335227
2019-09-10;5.81333178067099
2019-09-11;3.26860382728216
2019-09-12;1.29319174233929
2019-09-13;2.49778974209326
2019-09-14;1.43230841264974
2019-09-15;3.47348954633814
2019-09-16;3.84838382193312
2019-09-17;2.73634893213287
2019-09-18;4.15197819798336
2019-09-19;4.01459966361618
2019-09-20;2.31765546853055
2019-09-21;2.75097329357702
2019-09-22;4.23758236319551
2019-09-23;4.09984103373885
2019-09-24;4.67713671487363
2019-09-25;4.56642234866268
2019-09-26;3.68515249557538
2019-09-27;4.13227043109208
2019-09-28;3.93907942535877
2019-09-29;3.89381754446682
2019-09-30;4.06094437056878
2019-10-01;4.75979759817545
2019-10-02;4.38022030402848
2019-10-03;4.12719850534955
2019-10-04;3.93586076143284
2019-10-05;4.08479663469673
2019-10-06;3.93887788829936
2019-10-07;4.76622536007819
2019-10-08;2.77962187319665
2019-10-09;3.06256381659995
2019-10-10;2.87539698028191
2019-10-11;2.89806707877851
2019-10-12;2.50470662050505
2019-10-13;3.18506607501655
2019-10-14;2.46045348663986
2019-10-15;2.98178656569785
2019-10-16;2.955747677308
2019-10-17;3.52757595567237
2019-10-18;3.0250774475688
2019-10-19;3.22537201468447
2019-10-20;1.25839510538481
2019-10-21;1.77354749273095
2019-10-22;0.737501487427467
2019-10-23;1.71779258833051
2019-10-24;2.85442586550528
2019-10-25;2.96146377787541
2019-10-26;2.28950636896249
2019-10-27;1.75844600310024
2019-10-28;1.51075319667024
2019-10-29;3.36184400196817
2019-10-30;2.9485028294244
2019-10-31;3.11550752462413
2019-11-01;3.11711235209713
2019-11-02;3.57659307885663
2019-11-03;4.11452611770186
2019-11-04;2.86588759917695
2019-11-05;2.89310782598214
2019-11-06;2.76052808020512
2019-11-07;2.0442726840414
2019-11-08;2.81723779491474
2019-11-09;2.75305112230712
2019-11-10;3.04231806665231
2019-11-11;2.62506947568192
2019-11-12;2.47691805085247
2019-11-13;2.17062376871256
2019-11-14;1.73658788880746
2019-11-15;1.97248103113054
2019-11-16;2.34056032342721
2019-11-17;2.03400167008406
2019-11-18;1.75450250934523
2019-11-19;1.57374855410208
2019-11-20;1.37058283481785
2019-11-21;1.04217580394092
2019-11-22;0.880499683211331
2019-11-23;2.73508435143736
2019-11-24;2.11054458100761
2019-11-25;1.72778383333775
2019-11-26;1.46465692588873
2019-11-27;1.73693919193742
2019-11-28;1.92457631151585
2019-11-29;2.1493478861562
2019-11-30;1.6470636088976
2019-12-01;2.07697721259406
2019-12-02;1.29213445856983
2019-12-03;1.38576662096948
2019-12-04;0.765237951350604
2019-12-05;0.967576081548725
2019-12-06;0.970722332881674
2019-12-07;1.18156952463392
2019-12-08;2.274454448987
2019-12-09;2.77217526820239
2019-12-10;2.20914332421412
2019-12-11;2.89946173417196
2019-12-12;1.88259105618044
2019-12-13;2.00011582294161
2019-12-14;1.85406685788671
2019-12-15;1.21380142426009
2019-12-16;0.682550324655041
2019-12-17;1.2081781525998
2019-12-18;1.82721908132178
2019-12-19;0.794213618110343
2019-12-20;1.49669946039304
2019-12-21;2.62234674959814
2019-12-22;3.23682307729493
2019-12-23;1.64496823096661
2019-12-24;1.66364221849509
2019-12-25;1.57740044609072
2019-12-26;2.59319451700093
2019-12-27;0.747013164197961
2019-12-28;1.02939907617357
2019-12-29;0.924299807213351
2019-12-30;0.948896849819385
2019-12-31;0.731749842318142
2020-01-01;1.05593824958429
2020-01-02;0.62469658117129
2020-01-03;1.39690718847441
2020-01-04;1.14990471485207
2020-01-05;1.16018521085194
2020-01-06;0.800665927600145
2020-01-07;0.713515188988377
2020-01-08;1.04958402202986
2020-01-09;1.23560773389064
2020-01-10;1.72634283925967
2020-01-11;1.60185058339511
2020-01-12;1.86588318726722
2020-01-13;1.22936956557698
2020-01-14;1.33219859128923
2020-01-15;1.41745709562275
2020-01-16;1.50715660449175
2020-01-17;1.73239881296646
2020-01-18;0.922552349102174
2020-01-19;1.5478598225734
2020-01-20;1.22551949692838
2020-01-21;0.840501456331504
2020-01-22;0.987882011537024
2020-01-23;1.14523545349516
2020-01-24;0.862992700741926
2020-01-25;0.782702015422691
2020-01-26;1.75324921749359
2020-01-27;1.92143745546096
2020-01-28;2.15869787165716
2020-01-29;1.74320359632974
2020-01-30;2.28545123550916
2020-01-31;2.27482902602694
2020-02-01;2.48814636743781
2020-02-02;2.59078183431449
2020-02-03;2.74981002489333
2020-02-04;3.55719717593139
2020-02-05;1.27169462133916
2020-02-06;1.25067425586884
2020-02-07;1.27497877692497
2020-02-08;1.91380729144656
2020-02-09;2.14492369229762
2020-02-10;3.09672469066771
2020-02-11;2.95723411396138
2020-02-12;1.98985253013512
2020-02-13;2.53551405296438
2020-02-14;2.59167741936661
2020-02-15;1.96804462431445
2020-02-16;1.97324252324842
2020-02-17;4.00550561881356
2020-02-18;0.844764522908498
2020-02-19;1.26154201463526
2020-02-20;1.97612635502914
2020-02-21;1.70208099058947
2020-02-22;2.78631698161131
2020-02-23;2.84389054800434
2020-02-24;3.15207146926791
2020-02-25;4.65187249731908
2020-02-26;3.39610272965404
2020-02-27;4.42166149068054
2020-02-28;3.89581731457636
2020-02-29;3.57390660241458
2020-03-01;2.8118542423375
2020-03-02;6.33388526536748
2020-03-03;3.95086276056118
2020-03-04;3.55943434410104
2020-03-05;4.83292616455892
2020-03-06;3.81600311975335
2020-03-07;3.15562991450307
2020-03-08;4.74440268484044
2020-03-09;3.95208995839107
2020-03-10;3.51989839123081
2020-03-11;5.06137951569408
2020-03-12;3.76272363082189
2020-03-13;3.49089587264527
2020-03-14;3.05015914045692
2020-03-15;2.98297373839085
2020-03-16;1.41457199062688
2020-03-17;1.6963305255423
2020-03-18;3.31440847141996
2020-03-19;2.9594190889143
2020-03-20;2.080063771474
2020-03-21;1.63332487019189
2020-03-22;1.18047712156821
2020-03-23;1.61307822909177
2020-03-24;1.29612038435584
2020-03-25;2.33434510219208
2020-03-26;3.77721732471442
2020-03-27;1.12137078588683
2020-03-28;2.91332180319051
2020-03-29;3.99183377743992
2020-03-30;2.0601945286438
2020-03-31;1.93902065678984
2020-04-01;3.36916329007105
2020-04-02;2.97367159769781
2020-04-03;3.2886636153577
2020-04-04;3.15383311887065
2020-04-05;2.82684472434267
2020-04-06;3.2473295245164
2020-04-07;3.46399372407271
2020-04-08;3.80853276068147
2020-04-09;3.116252116496
2020-04-10;3.86016424221376
2020-04-11;4.13750690624211
2020-04-12;2.64907463997548
2020-04-13;2.96909206593892
2020-04-14;2.53861645186179
2020-04-15;2.13102960443933
2020-04-16;2.49949653777191
2020-04-17;2.80663191130064
2020-04-18;1.69514202070254
2020-04-19;2.79775051888933
2020-04-20;4.81241466074061
2020-04-21;4.53729697162857
2020-04-22;2.90025470543584
2020-04-23;3.90858800680731
2020-04-24;3.89027138697561
2020-04-25;1.08617165809643
2020-04-26;3.39047625518049
2020-04-27;4.68034876410312
2020-04-28;4.01615900751484
2020-04-29;5.61164830768913
2020-04-30;5.87828558547148
2020-05-01;5.95814860233731
2020-05-02;6.14951520386474
2020-05-03;5.79915017482914
2020-05-04;5.59633797975619
2020-05-05;5.67756990350092
2020-05-06;5.24047115397725
2020-05-07;5.75361048366518
2020-05-08;5.13841896931486
2020-05-09;3.75969675118619
2020-05-10;5.71690288811152
2020-05-11;6.13449321321833
2020-05-12;3.96185006695706
2020-05-13;5.84213370038272
2020-05-14;3.83457189852549
2020-05-15;3.07293083264101
2020-05-16;3.53357426241205
2020-05-17;2.75696839037283
2020-05-18;6.09639032747667
2020-05-19;6.3304869024033
2020-05-20;6.31648216024763
2020-05-21;6.29229639813336
2020-05-22;6.6296754025957
2020-05-23;6.68569792315917
2020-05-24;6.53119704591275
2020-05-25;5.85063643487612
2020-05-26;6.33372433724754
2020-05-27;7.40953810828579
2020-05-28;6.86713322057624
2020-05-29;6.08806654628097
2020-05-30;5.8572207580507
2020-05-31;5.45032547068192
2020-06-01;5.87499305158188
2020-06-02;5.42093692942957
2020-06-03;6.32925032570268
2020-06-04;5.74188024745161
2020-06-05;6.71350653313378
2020-06-06;6.75503810924018
2020-06-07;5.54466705407284
2020-06-08;2.54645491723665
2020-06-09;4.37294134085664
2020-06-10;5.49828768673522
2020-06-11;7.19816052530436
2020-06-12;8.56142282371611
2020-06-13;7.33991875059675
2020-06-14;7.26868331665579
2020-06-15;8.13455150298458
2020-06-16;7.70799970033325
2020-06-17;6.1501488707528
2020-06-18;6.4345804493798
2020-06-19;6.16524835297771
2020-06-20;7.23836508686253
2020-06-21;7.63939204784717
2020-06-22;7.56183153795456
2020-06-23;7.20995818885067
2020-06-24;6.15231972464167
2020-06-25;8.49657622708853
2020-06-26;7.10824158748613
2020-06-27;8.18867488162784
2020-06-28;6.97349692891037
2020-06-29;7.71977424358733
2020-06-30;6.89116195685652
2020-07-01;7.7918149164181
2020-07-02;7.24945176028036
2020-07-03;6.33177307854538
2020-07-04;6.2696208516707
2020-07-05;7.010094645572
2020-07-06;7.62902818933469
2020-07-07;7.82678018448905
2020-07-08;7.01871407599822
2020-07-09;7.46915099327816
2020-07-10;7.50162575700216
2020-07-11;8.23738602521446
2020-07-12;6.72546496255432
2020-07-13;7.24196736490222
2020-07-14;3.97751558751526
2020-07-15;6.27306895863142
2020-07-16;6.68691829940354
2020-07-17;6.27374628017297
2020-07-18;6.07545819201306
2020-07-19;7.30998859117261
2020-07-20;7.10425957477756
2020-07-21;8.30554088717966
2020-07-22;7.46708592941549
2020-07-23;7.80376342416752
2020-07-24;7.05486669971271
2020-07-25;7.01864640365065
2020-07-26;7.60867599393544
2020-07-27;7.53417077427686
2020-07-28;7.15936074395329
2020-07-29;7.31296454063921
2020-07-30;6.82737967207862
2020-07-31;7.48646823367745
2020-08-01;5.87276964631734
2020-08-02;6.62334845853002
2020-08-03;5.6398071398303
2020-08-04;6.36477256034848
2020-08-05;6.83968303663704
2020-08-06;7.12361800378179
2020-08-07;7.4789661673357
2020-08-08;7.95492368700604
2020-08-09;8.03121038692363
2020-08-10;8.34578200196572
2020-08-11;7.49773946477017
2020-08-12;7.14905360094931
2020-08-13;7.54629245447292
2020-08-14;7.37913312020243
2020-08-15;6.90204374954053
2020-08-16;8.23826149439679
2020-08-17;8.66861428370659
2020-08-18;7.70010320603486
2020-08-19;7.07804744895848
2020-08-20;6.46199869894204
2020-08-21;6.73476028052578
2020-08-22;7.75741447616003
2020-08-23;6.45710954010348
2020-08-24;5.72686525778855
2020-08-25;6.6957484228174
2020-08-26;7.16234782634983
2020-08-27;7.31798058080259
2020-08-28;6.28321042272012
2020-08-29;6.09256285637045
2020-08-30;5.20047470069534
2020-08-31;4.74819507124461
2020-09-01;3.64331124494647
2020-09-02;5.06612442752186
2020-09-03;5.38313367202041
2020-09-04;5.08746715001216
2020-09-05;5.21968611000625
2020-09-06;5.02377219730698
2020-09-07;4.85771898986865
2020-09-08;5.34935904745211
2020-09-09;5.38610447728573
2020-09-10;5.15169559062765
2020-09-11;5.61454857900146
2020-09-12;5.56276835485563
2020-09-13;5.48013959137496
2020-09-14;4.8882975095212
2020-09-15;5.17139897657845
2020-09-16;4.8486611836288
2020-09-17;3.54031196480906
2020-09-18;1.91766311914172
2020-09-19;5.14450896910121
2020-09-20;5.02600434355084
2020-09-21;4.97973058029163
2020-09-22;4.55575995326913
2020-09-23;4.62393426884955
2020-09-24;4.75333983279425
2020-09-25;4.60344369286091
2020-09-26;4.8246169593439
2020-09-27;5.31852166765941
2020-09-28;5.01241447560041
2020-09-29;3.9561308348942
2020-09-30;2.6527139380058
2020-10-01;4.95086054352215
2020-10-02;5.10232045919002
2020-10-03;3.69588850789731
2020-10-04;3.80504359354012
2020-10-05;3.33032038563608
2020-10-06;4.73087478252879
2020-10-07;5.1772550251938
2020-10-08;3.43730921922159
2020-10-09;3.20571010528465
2020-10-10;2.25809110358535
2020-10-11;3.08900645721795
2020-10-12;3.4830290099796
2020-10-13;4.10909597603435
2020-10-14;3.66494155043665
2020-10-15;3.72082012786462
2020-10-16;3.49957477632015
2020-10-17;3.54403766767397
2020-10-18;2.93649996161376
2020-10-19;2.73612526018616
2020-10-20;2.37485094223193
2020-10-21;3.41257915292394
2020-10-22;0.953286019687068
2020-10-23;2.6495901498992
2020-10-24;3.16088544062863
2020-10-25;3.2251637582273
2020-10-26;3.23026325009996
2020-10-27;2.93649727213525
2020-10-28;3.16580585233821
2020-10-29;2.46203431348626
2020-10-30;2.58023936945015
2020-10-31;2.49926384904992
2020-11-01;2.48067638630138
2020-11-02;2.79890609044398
2020-11-03;1.77103316006109
2020-11-04;2.40671531742299
2020-11-05;1.80159444549431
2020-11-06;2.7238234325281
2020-11-07;1.99939026040466
2020-11-08;1.76504824946398
2020-11-09;2.02337019644607
2020-11-10;1.98292650761519
2020-11-11;1.58155333703269
2020-11-12;1.8952197850317
2020-11-13;1.93205714295269
2020-11-14;0.894152209919366
2020-11-15;2.19038071655703
2020-11-16;2.28293939732148
2020-11-17;1.86376073822453
2020-11-18;1.28138437308706
2020-11-19;1.29181435673953
2020-11-20;1.40442854300704
2020-11-21;1.29936351906127
2020-11-22;1.25425873679616
2020-11-23;1.28602612903185
2020-11-24;1.07826873842857
2020-11-25;1.30716789378472
2020-11-26;2.49541409478734
2020-11-27;1.093504298684
2020-11-28;1.80174040964744
2020-11-29;1.51928361957633
2020-11-30;1.15041272605311
2020-12-01;1.80386797731437
2020-12-02;1.79130226962714
2020-12-03;1.48454102279988
2020-12-04;1.99669722098079
2020-12-05;2.17631396309455
2020-12-06;2.36230044085517
2020-12-07;2.01666881496504
2020-12-08;2.65847979737303
2020-12-09;2.15722335768558
2020-12-10;1.28451084284166
2020-12-11;2.20595143454737
2020-12-12;2.37576677580605
2020-12-13;1.79439969134453
2020-12-14;0.796114438860476
2020-12-15;1.30797541563007
2020-12-16;0.909622839323848
2020-12-17;1.24319893079882
2020-12-18;1.03684120907492
2020-12-19;1.15738113500118
2020-12-20;1.21857653365403
2020-12-21;1.21164765503985
2020-12-22;1.02841615068757
2020-12-23;1.47981663546123
2020-12-24;1.47907397575015
2020-12-25;2.23415071005759
2020-12-26;1.73356367246542
2020-12-27;1.81824965001759
2020-12-28;2.05495182834491
2020-12-29;2.08261227422563
2020-12-30;2.14995870008781
2020-12-31;1.58367555696849
2021-01-01;1.66568273816151
2021-01-02;2.3902509806502
2021-01-03;1.5756661841625
2021-01-04;1.65448127007312
2021-01-05;1.43815699837743
2021-01-06;1.67163632336689
2021-01-07;0.565011345324943
2021-01-08;0.504149485607574
2021-01-09;0.784114321938643
2021-01-10;0.761011518276929
2021-01-11;1.30546499048928
2021-01-12;2.37729582195844
2021-01-13;1.60723758029251
2021-01-14;2.05033714168305
2021-01-15;2.46456417038244
2021-01-16;1.90954099321413
2021-01-17;3.60875664656467
2021-01-18;1.53664831035506
2021-01-19;1.19488473086016
2021-01-20;0.655851657438933
2021-01-21;1.42899889784366
2021-01-22;2.92989607202986
2021-01-23;1.69317920337557
2021-01-24;2.36839242725463
2021-01-25;2.03843363875327
2021-01-26;1.99121688023075
2021-01-27;2.42781959715278
2021-01-28;2.95281730859979
2021-01-29;2.97332826164687
2021-01-30;3.17560360402907
2021-01-31;3.00658077553134
2021-02-01;4.49952561439314
2021-02-02;2.30688056968174
2021-02-03;1.92801252066512
2021-02-04;1.63095185440356
2021-02-05;1.69731724744832
2021-02-06;2.36794445188514
2021-02-07;2.38458705731821
2021-02-08;2.15892686925231
2021-02-09;1.26655250682726
2021-02-10;2.31754738495789
2021-02-11;2.39601222654574
2021-02-12;3.8169056946837
2021-02-13;3.08866472411398
2021-02-14;2.37875155611847
2021-02-15;1.81340255740254
2021-02-16;2.01402790464211
2021-02-17;2.76940162387449
2021-02-18;2.70904819781827
2021-02-19;2.28790954256062
2021-02-20;1.80848536505437
2021-02-21;1.80416956441791
2021-02-22;2.41377265825735
2021-02-23;2.55337076689952
2021-02-24;2.01507286498524
2021-02-25;1.93759379796827
2021-02-26;2.43524907979967
2021-02-27;2.02442967680947
2021-02-28;2.21736049323282
2021-03-01;2.26687892082064
2021-03-02;1.49985714375041
2021-03-03;1.66854030608117
2021-03-04;2.1283727357506
2021-03-05;1.60580887157556
2021-03-06;2.41660666657262
2021-03-07;0.742048646846376
2021-03-08;2.33474426932009
2021-03-09;1.87111928310835
2021-03-10;3.28844720995891
2021-03-11;3.93319223071924
2021-03-12;3.47692065828376
2021-03-13;2.94891081188174
2021-03-14;3.64736016290544
2021-03-15;3.03015530260612
2021-03-16;2.94378352618771
2021-03-17;3.65402471815584
2021-03-18;1.24875721081874
2021-03-19;2.28125421504425
2021-03-20;2.70132181537892
2021-03-21;3.92466646172556
2021-03-22;3.47353251752949
2021-03-23;3.86117738787793
2021-03-24;3.03563648184795
2021-03-25;4.40348472470774
2021-03-26;3.79217753700964
2021-03-27;4.0292909398186
2021-03-28;4.04274588905077
2021-03-29;3.53218835873623
2021-03-30;3.93037953281112
2021-03-31;4.29252203836618
2021-04-01;3.45492085196188
2021-04-02;4.77337559920598
2021-04-03;3.47930477557612
2021-04-04;2.9128338738669
2021-04-05;3.43616038330335
2021-04-06;6.0825612372883
2021-04-07;2.26588848294375
2021-04-08;2.8106057843478
2021-04-09;2.08946296659479
2021-04-10;1.29607385825012
2021-04-11;3.98069283813405
2021-04-12;2.25571853411575
2021-04-13;3.53786415031557
2021-04-14;2.73987602157852
2021-04-15;1.11709221586211
2021-04-16;4.06131275584041
2021-04-17;3.85090566589747
2021-04-18;3.67896152095977
2021-04-19;4.23136733191637
2021-04-20;4.37212783659703
2021-04-21;3.29894597505337
2021-04-22;2.12970777205073
2021-04-23;3.32064881416396
2021-04-24;2.94672555132194
2021-04-25;3.71720819973453
2021-04-26;3.12337065873242
2021-04-27;3.85455553094509
2021-04-28;3.8658866912714
2021-04-29;3.99182273120686
2021-04-30;4.21578289490377
2021-05-01;4.49048371183802
2021-05-02;4.30049595943764
2021-05-03;3.47483033527152
2021-05-04;4.89893362507395
2021-05-05;5.58189637424202
2021-05-06;5.83116031396185
2021-05-07;7.53253336419695
2021-05-08;5.77926755133967
2021-05-09;6.828378008281
2021-05-10;5.11253648589638
2021-05-11;5.51839221806868
2021-05-12;6.78176351013033
2021-05-13;6.39107190528859
2021-05-14;6.72365799068725
2021-05-15;6.90968550744724
2021-05-16;7.99327953108244
2021-05-17;6.11565905641496
2021-05-18;5.92792095978611
2021-05-19;5.60804858477944
2021-05-20;5.7169763730795
2021-05-21;5.6827375623856
2021-05-22;5.92625559859053
2021-05-23;1.38567016854931
2021-05-24;5.98845780150714
2021-05-25;5.71135454557185
2021-05-26;5.51762302979379
2021-05-27;3.77501834172405
2021-05-28;3.73034196163672
2021-05-29;6.01752950604175
2021-05-30;5.54790922152272
2021-05-31;3.30341567991016
2021-06-01;3.4674351698483
2021-06-02;5.48595039924924
2021-06-03;5.13856287666461
2021-06-04;3.71558742637685
2021-06-05;3.17590155513253
2021-06-06;5.91425731109274
2021-06-07;6.09451478809021
2021-06-08;6.4778489295913
2021-06-09;7.42405374333578
2021-06-10;6.774893157142
2021-06-11;7.27153107551851
2021-06-12;7.52162187688635
2021-06-13;7.50001869036299
2021-06-14;6.97389747476252
2021-06-15;7.32899224702593
2021-06-16;5.18501222031986
2021-06-17;5.80360652156428
2021-06-18;6.26603489920411
2021-06-19;3.47677868839259
2021-06-20;6.77289489195172
2021-06-21;7.65761687113168
2021-06-22;7.19941715858425
2021-06-23;6.33140550552807
2021-06-24;6.89350581176777
2021-06-25;6.43715512949207
2021-06-26;7.43253938392127
2021-06-27;7.44254329286575
2021-06-28;8.3197183064666
2021-06-29;6.17739647476094
2021-06-30;5.9744394074692
2021-07-01;6.6231473156168
2021-07-02;7.59245233047102
2021-07-03;8.42275081867
2021-07-04;8.70125454225932
2021-07-05;6.78500186642856
2021-07-06;8.59186552377356
2021-07-07;6.05093409017941
2021-07-08;6.97273279253272
2021-07-09;6.46136983536524
2021-07-10;7.36563936728291
2021-07-11;6.56174663011111
2021-07-12;8.3798205117395
2021-07-13;6.98349087319579
2021-07-14;6.24964071409004
2021-07-15;6.06516034620562
2021-07-16;6.64498589987162
2021-07-17;7.11274202203399
2021-07-18;6.97002487641223
2021-07-19;6.87164617484043
2021-07-20;6.7693132299029
2021-07-21;7.1753118431758
2021-07-22;7.32913574836518
2021-07-23;7.06747816904639
2021-07-24;7.50903185577174
2021-07-25;6.7941561325127
2021-07-26;3.06772081684859
2021-07-27;6.00471919878311
2021-07-28;6.10854499658027
2021-07-29;6.019200403778
2021-07-30;6.86818863347211
2021-07-31;7.38413518288641
2021-08-01;6.02750646120038
2021-08-02;6.02141051890143
