Fecha;ConsumoTotal;Consumo
2017-09-30;0;0
2017-10-01;0;0
2017-10-02;0;0
2017-10-03;0;0
2017-10-04;0;0
2017-10-05;0;0
2017-10-06;0;0
2017-10-07;0;0
2017-10-08;0;0
2017-10-09;13144;46.2501210376639
2017-10-10;0;0
2017-10-11;0;0
2017-10-12;0;0
2017-10-13;0;0
2017-10-14;0;0
2017-10-15;0;0
2017-10-16;12271;43.1782741367296
2017-10-17;0;0
2017-10-18;0;0
2017-10-19;0;0
2017-10-20;0;0
2017-10-21;0;0
2017-10-22;0;0
2017-10-23;0;0
2017-10-24;0;0
2017-10-25;4776;16.8054304683417
2017-10-26;0;0
2017-10-27;0;0
2017-10-28;0;0
2017-10-29;0;0
2017-10-30;0;0
2017-10-31;0;0
2017-11-01;0;0
2017-11-02;0;0
2017-11-03;0;0
2017-11-04;0;0
2017-11-05;0;0
2017-11-06;16042;56.4473860077757
2017-11-07;0;0
2017-11-08;0;0
2017-11-09;0;0
2017-11-10;0;0
2017-11-11;0;0
2017-11-12;0;0
2017-11-13;1343;4.72564763797798
2017-11-14;0;0
2017-11-15;0;0
2017-11-16;0;0
2017-11-17;0;0
2017-11-18;0;0
2017-11-19;0;0
2017-11-20;0;0
2017-11-21;0;0
2017-11-22;0;0
2017-11-23;4225;14.8666130085309
2017-11-24;0;0
2017-11-25;0;0
2017-11-26;0;0
2017-11-27;0;0
2017-11-28;0;0
2017-11-29;0;0
2017-11-30;1427;5.02122053566238
2017-12-01;0;0
2017-12-02;0;0
2017-12-03;0;0
2017-12-04;0;0
2017-12-05;0;0
2017-12-06;0;0
2017-12-07;0;0
2017-12-08;0;0
2017-12-09;0;0
2017-12-10;1414.46397238597;4.97710970224178
2017-12-11;1735.53861642466;6.10688307023587
2017-12-12;1735.53861642443;6.10688307023506
2017-12-13;1735.53861642466;6.10688307023587
2017-12-14;1735.53861642466;6.10688307023587
2017-12-15;1735.53861642443;6.10688307023506
2017-12-16;1735.53861642466;6.10688307023587
2017-12-17;1735.53861642443;6.10688307023506
2017-12-18;682.765712642111;2.40246476339504
2017-12-19;0;0
2017-12-20;8119;28.5685280511863
2017-12-21;0;0
2017-12-22;0;0
2017-12-23;0;0
2017-12-24;0;0
2017-12-25;0;0
2017-12-26;0;0
2017-12-27;0;0
2017-12-28;0;0
2017-12-29;0;0
2017-12-30;0;0
2017-12-31;0;0
2018-01-01;0;0
2018-01-02;41744.7016666667;146.88812422128
2018-01-03;20697.2983333333;72.8281005074029
2018-01-04;0;0
2018-01-05;0;0
2018-01-06;0;0
2018-01-07;0;0
2018-01-08;0;0
2018-01-09;0;0
2018-01-10;0;0
2018-01-11;0;0
2018-01-12;0;0
2018-01-13;0;0
2018-01-14;0;0
2018-01-15;0;0
2018-01-16;0;0
2018-01-17;0;0
2018-01-18;44368.0636111111;156.119013406928
2018-01-19;20714.9363888889;72.8901639739516
2018-01-20;0;0
2018-01-21;0;0
2018-01-22;0;0
2018-01-23;0;0
2018-01-24;0;0
2018-01-25;0;0
2018-01-26;0;0
2018-01-27;0;0
2018-01-28;0;0
2018-01-29;0;0
2018-01-30;0;0
2018-01-31;0;0
2018-02-01;0;0
2018-02-02;0;0
2018-02-03;0;0
2018-02-04;0;0
2018-02-05;0;0
2018-02-06;0;0
2018-02-07;0;0
2018-02-08;0;0
2018-02-09;0;0
2018-02-10;0;0
2018-02-11;0;0
2018-02-12;0;0
2018-02-13;0;0
2018-02-14;0;0
2018-02-15;0;0
2018-02-16;0;0
2018-02-17;0;0
2018-02-18;0;0
2018-02-19;0;0
2018-02-20;0;0
2018-02-21;0;0
2018-02-22;0;0
2018-02-23;0;0
2018-02-24;0;0
2018-02-25;0;0
2018-02-26;0;0
2018-02-27;0;0
2018-02-28;0;0
2018-03-01;0;0
2018-03-02;0;0
2018-03-03;0;0
2018-03-04;0;0
2018-03-05;0;0
2018-03-06;0;0
2018-03-07;0;0
2018-03-08;0;0
2018-03-09;0;0
2018-03-10;0;0
2018-03-11;0;0
2018-03-12;0;0
2018-03-13;0;0
2018-03-14;7727;27.1891878619925
2018-03-15;0;0
2018-03-16;0;0
2018-03-17;0;0
2018-03-18;0;0
2018-03-19;0;0
2018-03-20;0;0
2018-03-21;0;0
2018-03-22;10757;37.8509245284655
2018-03-23;0;0
2018-03-24;0;0
2018-03-25;0;0
2018-03-26;0;0
2018-03-27;5429;19.1031578753406
2018-03-28;0;0
2018-03-29;0;0
2018-03-30;0;0
2018-03-31;0;0
2018-04-01;0;0
2018-04-02;7231;25.4439002756655
2018-04-03;0;0
2018-04-04;0;0
2018-04-05;367;1.29137206488304
2018-04-06;0;0
2018-04-07;0;0
2018-04-08;0;0
2018-04-09;5159;18.1531021327836
2018-04-10;0;0
2018-04-11;0;0
2018-04-12;0;0
2018-04-13;0;0
2018-04-14;0;0
2018-04-15;0;0
2018-04-16;0;0
2018-04-17;0;0
2018-04-18;0;0
2018-04-19;0;0
2018-04-20;0;0
2018-04-21;0;0
2018-04-22;0;0
2018-04-23;0;0
2018-04-24;1810;6.36889220010435
2018-04-25;0;0
2018-04-26;0;0
2018-04-27;0;0
2018-04-28;0;0
2018-04-29;0;0
2018-04-30;0;0
2018-05-01;0;0
2018-05-02;0;0
2018-05-03;2795;9.8348362979512
2018-05-04;0;0
2018-05-05;0;0
2018-05-06;0;0
2018-05-07;0;0
2018-05-08;3918;13.7863644419938
2018-05-09;0;0
2018-05-10;0;0
2018-05-11;0;0
2018-05-12;0;0
2018-05-13;0;0
2018-05-14;4516;15.890561975509
2018-05-15;0;0
2018-05-16;0;0
2018-05-17;0;0
2018-05-18;377;1.32655931460737
2018-05-19;0;0
2018-05-20;0;0
2018-05-21;0;0
2018-05-22;5097;17.9349411844928
2018-05-23;0;0
2018-05-24;0;0
2018-05-25;0;0
2018-05-26;0;0
2018-05-27;0;0
2018-05-28;0;0
2018-05-29;0;0
2018-05-30;2058;7.24153599326782
2018-05-31;0;0
2018-06-01;0;0
2018-06-02;0;0
2018-06-03;0;0
2018-06-04;0;0
2018-06-05;0;0
2018-06-06;0;0
2018-06-07;0;0
2018-06-08;0;0
2018-06-09;0;0
2018-06-10;0;0
2018-06-11;0;0
2018-06-12;0;0
2018-06-13;0;0
2018-06-14;0;0
2018-06-15;196;0.689670094596936
2018-06-16;0;0
2018-06-17;0;0
2018-06-18;0;0
2018-06-19;0;0
2018-06-20;0;0
2018-06-21;0;0
2018-06-22;0;0
2018-06-23;0;0
2018-06-24;0;0
2018-06-25;0;0
2018-06-26;0;0
2018-06-27;0;0
2018-06-28;0;0
2018-06-29;0;0
2018-06-30;0;0
2018-07-01;0;0
2018-07-02;4878;17.1643404155299
2018-07-03;0;0
2018-07-04;4396;15.468314978817
2018-07-05;0;0
2018-07-06;0;0
2018-07-07;0;0
2018-07-08;0;0
2018-07-09;1980;6.96707544541802
2018-07-10;0;0
2018-07-11;0;0
2018-07-12;0;0
2018-07-13;0;0
2018-07-14;0;0
2018-07-15;0;0
2018-07-16;0;0
2018-07-17;0;0
2018-07-18;5815;20.4613857146999
2018-07-19;0;0
2018-07-20;0;0
2018-07-21;0;0
2018-07-22;0;0
2018-07-23;0;0
2018-07-24;0;0
2018-07-25;0;0
2018-07-26;0;0
2018-07-27;0;0
2018-07-28;0;0
2018-07-29;0;0
2018-07-30;0;0
2018-07-31;0;0
2018-08-01;0;0
2018-08-02;0;0
2018-08-03;771;2.71293695374611
2018-08-04;1528;5.37661175787815
2018-08-05;0;0
2018-08-06;989;3.48001899773658
2018-08-07;0;0
2018-08-08;399;1.4039712640009
2018-08-09;0;0
2018-08-10;0;0
2018-08-11;0;0
2018-08-12;0;0
2018-08-13;495;1.74176886135451
2018-08-14;0;0
2018-08-15;0;0
2018-08-16;412;1.44971468864254
2018-08-17;0;0
2018-08-18;0;0
2018-08-19;0;0
2018-08-20;0;0
2018-08-21;504;1.77343738610641
2018-08-22;0;0
2018-08-23;0;0
2018-08-24;0;0
2018-08-25;0;0
2018-08-26;0;0
2018-08-27;0;0
2018-08-28;0;0
2018-08-29;0;0
2018-08-30;0;0
2018-08-31;0;0
2018-09-01;0;0
2018-09-02;0;0
2018-09-03;0;0
2018-09-04;0;0
2018-09-05;0;0
2018-09-06;0;0
2018-09-07;0;0
2018-09-08;0;0
2018-09-09;0;0
2018-09-10;0;0
2018-09-11;0;0
2018-09-12;0;0
2018-09-13;0;0
2018-09-14;0;0
2018-09-15;0;0
2018-09-16;0;0
2018-09-17;0;0
2018-09-18;0;0
2018-09-19;0;0
2018-09-20;0;0
2018-09-21;0;0
2018-09-22;0;0
2018-09-23;0;0
2018-09-24;0;0
2018-09-25;0;0
2018-09-26;0;0
2018-09-27;0;0
2018-09-28;0;0
2018-09-29;0;0
2018-09-30;0;0
2018-10-01;0;0
2018-10-02;0;0
2018-10-03;5181;18.2305140821772
2018-10-04;0;0
2018-10-05;0;0
2018-10-06;0;0
2018-10-07;0;0
2018-10-08;0;0
2018-10-09;0;0
2018-10-10;0;0
2018-10-11;0;0
2018-10-12;0;0
2018-10-13;0;0
2018-10-14;0;0
2018-10-15;0;0
2018-10-16;0;0
2018-10-17;0;0
2018-10-18;0;0
2018-10-19;0;0
2018-10-20;0;0
2018-10-21;0;0
2018-10-22;0;0
2018-10-23;0;0
2018-10-24;0;0
2018-10-25;0;0
2018-10-26;0;0
2018-10-27;0;0
2018-10-28;0;0
2018-10-29;0;0
2018-10-30;0;0
2018-10-31;0;0
2018-11-01;0;0
2018-11-02;0;0
2018-11-03;0;0
2018-11-04;0;0
2018-11-05;0;0
2018-11-06;0;0
2018-11-07;0;0
2018-11-08;0;0
2018-11-09;0;0
2018-11-10;0;0
2018-11-11;0;0
2018-11-12;0;0
2018-11-13;0;0
2018-11-14;0;0
2018-11-15;0;0
2018-11-16;0;0
2018-11-17;0;0
2018-11-18;0;0
2018-11-19;0;0
2018-11-20;0;0
2018-11-21;0;0
2018-11-22;0;0
2018-11-23;0;0
2018-11-24;0;0
2018-11-25;0;0
2018-11-26;0;0
2018-11-27;0;0
2018-11-28;0;0
2018-11-29;0;0
2018-11-30;0;0
2018-12-01;0;0
2018-12-02;0;0
2018-12-03;0;0
2018-12-04;0;0
2018-12-05;0;0
2018-12-06;0;0
2018-12-07;0;0
2018-12-08;0;0
2018-12-09;0;0
2018-12-10;0;0
2018-12-11;0;0
2018-12-12;0;0
2018-12-13;0;0
2018-12-14;0;0
2018-12-15;0;0
2018-12-16;0;0
2018-12-17;0;0
2018-12-18;0;0
2018-12-19;0;0
2018-12-20;0;0
2018-12-21;0;0
2018-12-22;0;0
2018-12-23;0;0
2018-12-24;0;0
2018-12-25;0;0
2018-12-26;0;0
2018-12-27;0;0
2018-12-28;0;0
2018-12-29;0;0
2018-12-30;0;0
2018-12-31;0;0
2019-01-01;0;0
2019-01-02;0;0
2019-01-03;0;0
2019-01-04;0;0
2019-01-05;0;0
2019-01-06;0;0
2019-01-07;0;0
2019-01-08;0;0
2019-01-09;0;0
2019-01-10;0;0
2019-01-11;0;0
2019-01-12;0;0
2019-01-13;0;0
2019-01-14;0;0
2019-01-15;0;0
2019-01-16;0;0
2019-01-17;11571;40.7151666560262
2019-01-18;0;0
2019-01-19;0;0
2019-01-20;0;0
2019-01-21;0;0
2019-01-22;0;0
2019-01-23;11282;39.698255138993
2019-01-24;0;0
2019-01-25;0;0
2019-01-26;0;0
2019-01-27;0;0
2019-01-28;0;0
2019-01-29;0;0
2019-01-30;0;0
2019-01-31;0;0
2019-02-01;0;0
2019-02-02;0;0
2019-02-03;0;0
2019-02-04;0;0
2019-02-05;14593;51.3487535227198
2019-02-06;0;0
2019-02-07;0;0
2019-02-08;0;0
2019-02-09;0;0
2019-02-10;0;0
2019-02-11;0;0
2019-02-12;0;0
2019-02-13;0;0
2019-02-14;0;0
2019-02-15;0;0
2019-02-16;0;0
2019-02-17;0;0
2019-02-18;16977;59.7373938570009
2019-02-19;0;0
2019-02-20;0;0
2019-02-21;0;0
2019-02-22;0;0
2019-02-23;0;0
2019-02-24;0;0
2019-02-25;0;0
2019-02-26;0;0
2019-02-27;0;0
2019-02-28;0;0
2019-03-01;0;0
2019-03-02;0;0
2019-03-03;1;0.00351872497243334
2019-03-04;17833;62.7494224334038
2019-03-05;0;0
2019-03-06;0;0
2019-03-07;0;0
2019-03-08;0;0
2019-03-09;0;0
2019-03-10;0;0
2019-03-11;0;0
2019-03-12;0;0
2019-03-13;15533;54.6563549968071
2019-03-14;0;0
2019-03-15;0;0
2019-03-16;0;0
2019-03-17;0;0
2019-03-18;0;0
2019-03-19;0;0
2019-03-20;10819;38.0690854767564
2019-03-21;0;0
2019-03-22;0;0
2019-03-23;0;0
2019-03-24;0;0
2019-03-25;0;0
2019-03-26;0;0
2019-03-27;0;0
2019-03-28;4332;15.2431165805812
2019-03-29;0;0
2019-03-30;0;0
2019-03-31;0;0
2019-04-01;0;0
2019-04-02;0;0
2019-04-03;0;0
2019-04-04;0;0
2019-04-05;0;0
2019-04-06;0;0
2019-04-07;0;0
2019-04-08;0;0
2019-04-09;0;0
2019-04-10;0;0
2019-04-11;0;0
2019-04-12;0;0
2019-04-13;0;0
2019-04-14;0;0
2019-04-15;0;0
2019-04-16;0;0
2019-04-17;0;0
2019-04-18;0;0
2019-04-19;0;0
2019-04-20;0;0
2019-04-21;0;0
2019-04-22;0;0
2019-04-23;0;0
2019-04-24;0;0
2019-04-25;0;0
2019-04-26;1485;5.22530658406352
2019-04-27;0;0
2019-04-28;0;0
2019-04-29;238;0.837456543439136
2019-04-30;0;0
2019-05-01;0;0
2019-05-02;0;0
2019-05-03;0;0
2019-05-04;0;0
2019-05-05;0;0
2019-05-06;0;0
2019-05-07;0;0
2019-05-08;0;0
2019-05-09;0;0
2019-05-10;280;0.985242992281336
2019-05-11;0;0
2019-05-12;0;0
2019-05-13;181;0.636889220010435
2019-05-14;0;0
2019-05-15;230;0.809306743659669
2019-05-16;0;0
2019-05-17;0;0
2019-05-18;0;0
2019-05-19;0;0
2019-05-20;283;0.995799167198637
2019-05-21;725;2.55107560501417
2019-05-22;0;0
2019-05-23;0;0
2019-05-24;0;0
2019-05-25;172;0.605220695258535
2019-05-26;0;0
2019-05-27;240;0.844493993384003
2019-05-28;0;0
2019-05-29;407;1.43212106378037
2019-05-30;0;0
2019-05-31;353;1.24210991526897
2019-06-01;0;0
2019-06-02;0;0
2019-06-03;301;1.05913621670244
2019-06-04;0;0
2019-06-05;258;0.907831042887803
2019-06-06;0;0
2019-06-07;0;0
2019-06-08;0;0
2019-06-09;0;0
2019-06-10;0;0
2019-06-11;402;1.4145274389182
2019-06-12;0;0
2019-06-13;0;0
2019-06-14;0;0
2019-06-15;0;0
2019-06-16;0;0
2019-06-17;2138;7.52303399106249
2019-06-18;0;0
2019-06-19;0;0
2019-06-20;253;0.890237418025636
2019-06-21;191;0.672076469734769
2019-06-22;0;0
2019-06-23;0;0
2019-06-24;240;0.844493993384003
2019-06-25;0;0
2019-06-26;3342;11.7595788578722
2019-06-27;0;0
2019-06-28;208;0.731894794266136
2019-06-29;0;0
2019-06-30;0;0
2019-07-01;11344;39.9164160872839
2019-07-02;0;0
2019-07-03;0;0
2019-07-04;0;0
2019-07-05;0;0
2019-07-06;0;0
2019-07-07;0;0
2019-07-08;0;0
2019-07-09;0;0
2019-07-10;0;0
2019-07-11;0;0
2019-07-12;0;0
2019-07-13;0;0
2019-07-14;0;0
2019-07-15;0;0
2019-07-16;6494;22.8505999709821
2019-07-17;0;0
2019-07-18;0;0
2019-07-19;594;2.09012263362541
2019-07-20;0;0
2019-07-21;0;0
2019-07-22;421;1.48138321339444
2019-07-23;0;0
2019-07-24;0;0
2019-07-25;0;0
2019-07-26;2272;7.99454313736856
2019-07-27;0;0
2019-07-28;0;0
2019-07-29;0;0
2019-07-30;0;0
2019-07-31;0;0
2019-08-01;9336;32.8508163426377
2019-08-02;0;0
2019-08-03;0;0
2019-08-04;0;0
2019-08-05;0;0
2019-08-06;0;0
2019-08-07;0;0
2019-08-08;0;0
2019-08-09;0;0
2019-08-10;0;0
2019-08-11;0;0
2019-08-12;0;0
2019-08-13;0;0
2019-08-14;3763;13.2409620712667
2019-08-15;0;0
2019-08-16;0;0
2019-08-17;0;0
2019-08-18;0;0
2019-08-19;0;0
2019-08-20;0;0
2019-08-21;0;0
2019-08-22;0;0
2019-08-23;3931;13.8321078666355
2019-08-24;0;0
2019-08-25;0;0
2019-08-26;0;0
2019-08-27;0;0
2019-08-28;0;0
2019-08-29;0;0
2019-08-30;0;0
2019-08-31;0;0
2019-09-01;0;0
2019-09-02;0;0
2019-09-03;0;0
2019-09-04;0;0
2019-09-05;0;0
2019-09-06;0;0
2019-09-07;0;0
2019-09-08;0;0
2019-09-09;0;0
2019-09-10;0;0
2019-09-11;0;0
2019-09-12;0;0
2019-09-13;0;0
2019-09-14;0;0
2019-09-15;0;0
2019-09-16;0;0
2019-09-17;0;0
2019-09-18;0;0
2019-09-19;0;0
2019-09-20;0;0
2019-09-21;0;0
2019-09-22;0;0
2019-09-23;0;0
2019-09-24;0;0
2019-09-25;0;0
2019-09-26;0;0
2019-09-27;0;0
2019-09-28;0;0
2019-09-29;0;0
2019-09-30;0;0
2019-10-01;0;0
2019-10-02;0;0
2019-10-03;0;0
2019-10-04;0;0
2019-10-05;0;0
2019-10-06;0;0
2019-10-07;0;0
2019-10-08;0;0
2019-10-09;0;0
2019-10-10;23681.3602777778;83.3281937906078
2019-10-11;25136.6397222222;88.4489219136432
2019-10-12;0;0
2019-10-13;0;0
2019-10-14;0;0
2019-10-15;0;0
2019-10-16;0;0
2019-10-17;0;0
2019-10-18;0;0
2019-10-19;0;0
2019-10-20;0;0
2019-10-21;0;0
2019-10-22;0;0
2019-10-23;0;0
2019-10-24;0;0
2019-10-25;0;0
2019-10-26;0;0
2019-10-27;0;0
2019-10-28;0;0
2019-10-29;0;0
2019-10-30;0;0
2019-10-31;0;0
2019-11-01;0;0
2019-11-02;0;0
2019-11-03;0;0
2019-11-04;0;0
2019-11-05;0;0
2019-11-06;0;0
2019-11-07;0;0
2019-11-08;0;0
2019-11-09;0;0
2019-11-10;0;0
2019-11-11;0;0
2019-11-12;0;0
2019-11-13;0;0
2019-11-14;0;0
2019-11-15;0;0
2019-11-16;0;0
2019-11-17;0;0
2019-11-18;891;3.13518395043811
2019-11-19;0;0
2019-11-20;0;0
2019-11-21;0;0
2019-11-22;0;0
2019-11-23;0;0
2019-11-24;0;0
2019-11-25;0;0
2019-11-26;0;0
2019-11-27;0;0
2019-11-28;0;0
2019-11-29;0;0
2019-11-30;0;0
2019-12-01;0;0
2019-12-02;0;0
2019-12-03;0;0
2019-12-04;0;0
2019-12-05;0;0
2019-12-06;0;0
2019-12-07;0;0
2019-12-08;0;0
2019-12-09;0;0
2019-12-10;0;0
2019-12-11;0;0
2019-12-12;0;0
2019-12-13;0;0
2019-12-14;0;0
2019-12-15;0;0
2019-12-16;0;0
2019-12-17;0;0
2019-12-18;0;0
2019-12-19;0;0
2019-12-20;0;0
2019-12-21;0;0
2019-12-22;0;0
2019-12-23;0;0
2019-12-24;0;0
2019-12-25;0;0
2019-12-26;0;0
2019-12-27;0;0
2019-12-28;0;0
2019-12-29;0;0
2019-12-30;0;0
2019-12-31;0;0
2020-01-01;0;0
2020-01-02;0;0
2020-01-03;0;0
2020-01-04;0;0
2020-01-05;0;0
2020-01-06;0;0
2020-01-07;0;0
2020-01-08;0;0
2020-01-09;0;0
2020-01-10;0;0
2020-01-11;0;0
2020-01-12;0;0
2020-01-13;0;0
2020-01-14;0;0
2020-01-15;0;0
2020-01-16;0;0
2020-01-17;0;0
2020-01-18;0;0
2020-01-19;0;0
2020-01-20;0;0
2020-01-21;0;0
2020-01-22;0;0
2020-01-23;0;0
2020-01-24;0;0
2020-01-25;0;0
2020-01-26;0;0
2020-01-27;0;0
2020-01-28;0;0
2020-01-29;0;0
2020-01-30;0;0
2020-01-31;0;0
2020-02-01;0;0
2020-02-02;0;0
2020-02-03;0;0
2020-02-04;0;0
2020-02-05;0;0
2020-02-06;0;0
2020-02-07;0;0
2020-02-08;0;0
2020-02-09;0;0
2020-02-10;0;0
2020-02-11;0;0
2020-02-12;0;0
2020-02-13;0;0
2020-02-14;0;0
2020-02-15;0;0
2020-02-16;0;0
2020-02-17;0;0
2020-02-18;0;0
2020-02-19;0;0
2020-02-20;0;0
2020-02-21;2702;9.5075948755149
2020-02-22;0;0
2020-02-23;0;0
2020-02-24;0;0
2020-02-25;0;0
2020-02-26;8805;30.9823733822756
2020-02-27;0;0
2020-02-28;0;0
2020-02-29;0;0
2020-03-01;0;0
2020-03-02;0;0
2020-03-03;7873;27.7029217079677
2020-03-04;0;0
2020-03-05;0;0
2020-03-06;0;0
2020-03-07;0;0
2020-03-08;0;0
2020-03-09;0;0
2020-03-10;4272;15.0319930822353
2020-03-11;0;0
2020-03-12;0;0
2020-03-13;0;0
2020-03-14;0;0
2020-03-15;0;0
2020-03-16;0;0
2020-03-17;0;0
2020-03-18;0;0
2020-03-19;0;0
2020-03-20;0;0
2020-03-21;0;0
2020-03-22;0;0
2020-03-23;0;0
2020-03-24;0;0
2020-03-25;0;0
2020-03-26;0;0
2020-03-27;0;0
2020-03-28;0;0
2020-03-29;0;0
2020-03-30;0;0
2020-03-31;0;0
2020-04-01;0;0
2020-04-02;0;0
2020-04-03;0;0
2020-04-04;0;0
2020-04-05;0;0
2020-04-06;0;0
2020-04-07;0;0
2020-04-08;0;0
2020-04-09;0;0
2020-04-10;0;0
2020-04-11;0;0
2020-04-12;0;0
2020-04-13;0;0
2020-04-14;0;0
2020-04-15;0;0
2020-04-16;0;0
2020-04-17;0;0
2020-04-18;0;0
2020-04-19;0;0
2020-04-20;0;0
2020-04-21;0;0
2020-04-22;0;0
2020-04-23;0;0
2020-04-24;0;0
2020-04-25;0;0
2020-04-26;0;0
2020-04-27;0;0
2020-04-28;0;0
2020-04-29;0;0
2020-04-30;0;0
2020-05-01;0;0
2020-05-02;0;0
2020-05-03;0;0
2020-05-04;0;0
2020-05-05;0;0
2020-05-06;0;0
2020-05-07;0;0
2020-05-08;0;0
2020-05-09;0;0
2020-05-10;0;0
2020-05-11;0;0
2020-05-12;0;0
2020-05-13;0;0
2020-05-14;0;0
2020-05-15;0;0
2020-05-16;0;0
2020-05-17;0;0
2020-05-18;0;0
2020-05-19;0;0
2020-05-20;0;0
2020-05-21;0;0
2020-05-22;0;0
2020-05-23;0;0
2020-05-24;0;0
2020-05-25;0;0
2020-05-26;0;0
2020-05-27;0;0
2020-05-28;0;0
2020-05-29;0;0
2020-05-30;0;0
2020-05-31;0;0
2020-06-01;0;0
2020-06-02;0;0
2020-06-03;0;0
2020-06-04;0;0
2020-06-05;0;0
2020-06-06;0;0
2020-06-07;0;0
2020-06-08;0;0
2020-06-09;0;0
2020-06-10;0;0
2020-06-11;0;0
2020-06-12;0;0
2020-06-13;0;0
2020-06-14;0;0
2020-06-15;0;0
2020-06-16;0;0
2020-06-17;0;0
2020-06-18;0;0
2020-06-19;0;0
2020-06-20;0;0
2020-06-21;0;0
2020-06-22;0;0
2020-06-23;0;0
2020-06-24;0;0
2020-06-25;0;0
2020-06-26;0;0
2020-06-27;0;0
2020-06-28;0;0
2020-06-29;0;0
2020-06-30;0;0
2020-07-01;0;0
2020-07-02;0;0
2020-07-03;0;0
2020-07-04;0;0
2020-07-05;0;0
2020-07-06;0;0
2020-07-07;0;0
2020-07-08;0;0
2020-07-09;0;0
2020-07-10;2752;9.68353112413656
2020-07-11;0;0
2020-07-12;0;0
2020-07-13;2576;9.06423552898829
2020-07-14;29773.7155555557;104.765516447461
2020-07-15;29318.2844444444;103.162979623571
2020-07-16;0;0
2020-07-17;0;0
2020-07-18;0;0
2020-07-19;0;0
2020-07-20;0;0
2020-07-21;0;0
2020-07-22;10144;35.6939461203639
2020-07-23;0;0
2020-07-24;0;0
2020-07-25;0;0
2020-07-26;0;0
2020-07-27;0;0
2020-07-28;0;0
2020-07-29;0;0
2020-07-30;0;0
2020-07-31;0;0
2020-08-01;0;0
2020-08-02;0;0
2020-08-03;0;0
2020-08-04;0;0
2020-08-05;0;0
2020-08-06;0;0
2020-08-07;0;0
2020-08-08;0;0
2020-08-09;0;0
2020-08-10;0;0
2020-08-11;0;0
2020-08-12;0;0
2020-08-13;0;0
2020-08-14;0;0
2020-08-15;0;0
2020-08-16;0;0
2020-08-17;0;0
2020-08-18;2918;10.2676394695605
2020-08-19;0;0
2020-08-20;0;0
2020-08-21;0;0
2020-08-22;0;0
2020-08-23;0;0
2020-08-24;0;0
2020-08-25;0;0
2020-08-26;0;0
2020-08-27;0;0
2020-08-28;3636;12.7940839997676
2020-08-29;0;0
2020-08-30;0;0
2020-08-31;0;0
2020-09-01;0;0
2020-09-02;0;0
2020-09-03;0;0
2020-09-04;0;0
2020-09-05;0;0
2020-09-06;0;0
2020-09-07;0;0
2020-09-08;0;0
2020-09-09;0;0
2020-09-10;0;0
2020-09-11;0;0
2020-09-12;0;0
2020-09-13;0;0
2020-09-14;0;0
2020-09-15;0;0
2020-09-16;0;0
2020-09-17;0;0
2020-09-18;0;0
2020-09-19;0;0
2020-09-20;0;0
2020-09-21;0;0
2020-09-22;0;0
2020-09-23;0;0
2020-09-24;0;0
2020-09-25;0;0
2020-09-26;0;0
2020-09-27;0;0
2020-09-28;0;0
2020-09-29;0;0
2020-09-30;0;0
2020-10-01;0;0
2020-10-02;0;0
2020-10-03;0;0
2020-10-04;0;0
2020-10-05;0;0
2020-10-06;0;0
2020-10-07;0;0
2020-10-08;0;0
2020-10-09;0;0
2020-10-10;0;0
2020-10-11;0;0
2020-10-12;0;0
2020-10-13;0;0
2020-10-14;0;0
2020-10-15;0;0
2020-10-16;0;0
2020-10-17;0;0
2020-10-18;0;0
2020-10-19;0;0
2020-10-20;0;0
2020-10-21;0;0
2020-10-22;0;0
2020-10-23;0;0
2020-10-24;0;0
2020-10-25;0;0
2020-10-26;0;0
2020-10-27;0;0
2020-10-28;0;0
2020-10-29;0;0
2020-10-30;7401;26.0420835209792
2020-10-31;0;0
2020-11-01;0;0
2020-11-02;0;0
2020-11-03;491;1.72769396146477
2020-11-04;0;0
2020-11-05;0;0
2020-11-06;0;0
2020-11-07;0;0
2020-11-08;0;0
2020-11-09;0;0
2020-11-10;0;0
2020-11-11;1418;4.98955201091048
2020-11-12;0;0
2020-11-13;0;0
2020-11-14;0;0
2020-11-15;0;0
2020-11-16;0;0
2020-11-17;32762.9144444445;115.283685225364
2020-11-18;27157.0855555555;95.558315122842
2020-11-19;0;0
2020-11-20;426;1.4989768382566
2020-11-21;0;0
2020-11-22;0;0
2020-11-23;0;0
2020-11-24;0;0
2020-11-25;2841;9.99669764668313
2020-11-26;0;0
2020-11-27;0;0
2020-11-28;0;0
2020-11-29;0;0
2020-11-30;0;0
2020-12-01;0;0
2020-12-02;0;0
2020-12-03;0;0
2020-12-04;0;0
2020-12-05;0;0
2020-12-06;0;0
2020-12-07;0;0
2020-12-08;0;0
2020-12-09;0;0
2020-12-10;0;0
2020-12-11;0;0
2020-12-12;0;0
2020-12-13;0;0
2020-12-14;0;0
2020-12-15;0;0
2020-12-16;0;0
2020-12-17;0;0
2020-12-18;0;0
2020-12-19;0;0
2020-12-20;0;0
2020-12-21;0;0
2020-12-22;0;0
2020-12-23;0;0
2020-12-24;0;0
2020-12-25;0;0
2020-12-26;0;0
2020-12-27;0;0
2020-12-28;0;0
2020-12-29;0;0
2020-12-30;0;0
2020-12-31;0;0
2021-01-01;0;0
2021-01-02;0;0
2021-01-03;0;0
2021-01-04;0;0
2021-01-05;0;0
2021-01-06;0;0
2021-01-07;0;0
2021-01-08;0;0
2021-01-09;0;0
2021-01-10;0;0
2021-01-11;0;0
2021-01-12;0;0
2021-01-13;0;0
2021-01-14;0;0
2021-01-15;0;0
2021-01-16;0;0
2021-01-17;0;0
2021-01-18;0;0
2021-01-19;0;0
2021-01-20;0;0
2021-01-21;0;0
2021-01-22;0;0
2021-01-23;0;0
2021-01-24;0;0
2021-01-25;0;0
2021-01-26;0;0
2021-01-27;0;0
2021-01-28;0;0
2021-01-29;0;0
2021-01-30;0;0
2021-01-31;0;0
2021-02-01;0;0
2021-02-02;0;0
2021-02-03;0;0
2021-02-04;0;0
2021-02-05;0;0
2021-02-06;0;0
2021-02-07;0;0
2021-02-08;0;0
2021-02-09;0;0
2021-02-10;0;0
2021-02-11;0;0
2021-02-12;1640;5.77070895479069
2021-02-13;0;0
2021-02-14;0;0
2021-02-15;0;0
2021-02-16;13395;47.1333210057447
2021-02-17;0;0
2021-02-18;0;0
2021-02-19;0;0
2021-02-20;0;0
2021-02-21;0;0
2021-02-22;0;0
2021-02-23;318;1.1189545412338
2021-02-24;0;0
2021-02-25;0;0
2021-02-26;0;0
2021-02-27;0;0
2021-02-28;0;0
2021-03-01;0;0
2021-03-02;4993;17.5689937873597
2021-03-03;0;0
2021-03-04;11438;40.2471762346926
2021-03-05;0;0
2021-03-06;0;0
2021-03-07;0;0
2021-03-08;0;0
2021-03-09;0;0
2021-03-10;0;0
2021-03-11;0;0
2021-03-12;0;0
2021-03-13;0;0
2021-03-14;0;0
2021-03-15;0;0
2021-03-16;0;0
2021-03-17;0;0
2021-03-18;0;0
2021-03-19;0;0
2021-03-20;0;0
2021-03-21;0;0
2021-03-22;0;0
2021-03-23;0;0
2021-03-24;0;0
2021-03-25;0;0
2021-03-26;0;0
2021-03-27;0;0
2021-03-28;0;0
2021-03-29;0;0
2021-03-30;0;0
2021-03-31;0;0
2021-04-01;0;0
2021-04-02;0;0
2021-04-03;0;0
2021-04-04;0;0
2021-04-05;0;0
2021-04-06;0;0
2021-04-07;0;0
2021-04-08;0;0
2021-04-09;0;0
2021-04-10;0;0
2021-04-11;0;0
2021-04-12;0;0
2021-04-13;21901.3049999999;77.0646688323789
2021-04-14;10478.6950000001;36.8716457750128
2021-04-15;0;0
2021-04-16;0;0
2021-04-17;352;1.23859119029654
2021-04-18;0;0
2021-04-19;1498;5.27105000870515
2021-04-20;0;0
2021-04-21;1259;4.43007474029358
2021-04-22;0;0
2021-04-23;1249;4.39488749056925
2021-04-24;0;0
2021-04-25;2;0.00703744994486669
2021-04-26;1249;4.39488749056925
2021-04-27;0;0
2021-04-28;1243;4.37377514073465
2021-04-29;0;0
2021-04-30;1270;4.46878071499035
2021-05-01;0;0
2021-05-02;2;0.00703744994486669
2021-05-03;1279;4.50044923974225
2021-05-04;0;0
2021-05-05;1277;4.49341178979738
2021-05-06;0;0
2021-05-07;1516;5.33438705820895
2021-05-08;0;0
2021-05-09;2;0.00703744994486669
2021-05-10;1298;4.56730501421848
2021-05-11;0;0
2021-05-12;1274;4.48285561488008
2021-05-13;0;0
2021-05-14;1279;4.50044923974225
2021-05-15;0;0
2021-05-16;3;0.0105561749173
2021-05-17;1279;4.50044923974225
2021-05-18;668;2.35050828158547
2021-05-19;1279;4.50044923974225
2021-05-20;0;0
2021-05-21;1282;4.51100541465955
2021-05-22;0;0
2021-05-23;3;0.0105561749173
2021-05-24;1284;4.51804286460441
2021-05-25;0;0
2021-05-26;1304;4.58841736405308
2021-05-27;0;0
2021-05-28;1305;4.59193608902552
2021-05-29;0;0
2021-05-30;66.3706152075902;0.233539941166712
2021-05-31;704.299093636451;2.47823480884075
2021-06-01;528.330291155959;1.85904898918345
2021-06-02;1324;4.65879186350175
2021-06-03;0;0
2021-06-04;1329;4.67638548836391
2021-06-05;0;0
2021-06-06;2;0.00703744994486669
2021-06-07;1338;4.70805401311582
2021-06-08;0;0
2021-06-09;1285;4.52156158957685
2021-06-10;273;0.960611917474303
2021-06-11;1322;4.65175441355688
2021-06-12;0;0
2021-06-13;2;0.00703744994486669
2021-06-14;1337;4.70453528814338
2021-06-15;0;0
2021-06-16;1346;4.73620381289528
2021-06-17;0;0
2021-06-18;1349;4.74675998781258
2021-06-19;0;0
2021-06-20;3;0.0105561749173
2021-06-21;1335;4.69749783819852
2021-06-22;0;0
2021-06-23;1326;4.66582931344662
2021-06-24;0;0
2021-06-25;1321;4.64823568858445
2021-06-26;0;0
2021-06-27;3;0.0105561749173
2021-06-28;1244;4.37729386570708
2021-06-29;0;0
2021-06-30;1259;4.43007474029358
2021-07-01;0;0
2021-07-02;5522;19.4303992977769
2021-07-03;0;0
2021-07-04;2;0.00703744994486669
2021-07-05;1359;4.78194723753692
2021-07-06;0;0
2021-07-07;1358;4.77842851256448
2021-07-08;0;0
2021-07-09;1359;4.78194723753692
2021-07-10;0;0
2021-07-11;3;0.0105561749173
2021-07-12;1375;4.83824683709585
2021-07-13;0;0
2021-07-14;1386;4.87695281179262
2021-07-15;0;0
2021-07-16;1747;6.14721252684105
2021-07-17;0;0
2021-07-18;2;0.00703744994486669
2021-07-19;1790;6.29851770065569
2021-07-20;0;0
2021-07-21;1785;6.28092407579352
2021-07-22;0;0
2021-07-23;1770;6.22814320120702
2021-07-24;0;0
2021-07-25;2;0.00703744994486669
