"Fecha";"ConsumoTotal";"Consumo"
2018-07-06;3103.61256108386;20.3939158719988
2018-07-07;117.116700437386;0.769576771880321
2018-07-08;445.345700997394;2.92637775538755
2018-07-09;3416.2483708146;22.4482536080197
2018-07-10;106.676666666754;0.70097504849229
2018-07-11;4154.1767645916;27.2971995656916
2018-07-12;1234.57839036593;8.11244552435943
2018-07-13;2391.24484504247;15.7129297679206
2018-07-14;257.240000000224;1.69033048283754
2018-07-15;139.759999999776;0.918366460429134
2018-07-16;3576.2571477415;23.499675288788
2018-07-17;100.13467811374;0.657987477859713
2018-07-18;179.608174144756;1.18020981077364
2018-07-19;2546.95000000019;16.7360722409409
2018-07-20;2666.3666666667;17.5207621485178
2018-07-21;41.683333333116;0.273902227333163
2018-07-22;99.740171035286;0.655395161966362
2018-07-23;2583.25982896471;16.9746650364832
2018-07-24;69.1575000002049;0.454435664620906
2018-07-25;1514.8424999998;9.95406800826178
2018-07-26;2602;17.0978071697226
2018-07-27;2665.78472222202;17.5169381769964
2018-07-28;71.2152777779847;0.467957373937823
2018-07-29;51;0.3351222773466
2018-07-30;203;1.33391808434039
2018-07-31;2311;15.1856388813332
2018-08-01;2814.1549999998;18.4918829883579
2018-08-02;2725.84500000021;17.9115957665473
2018-08-03;2567.77083333349;16.8728864582529
2018-08-04;58.2291666665115;0.382625312574041
2018-08-05;36.3066666666418;0.238572016003704
2018-08-06;113.762777777854;0.74753806208215
2018-08-07;122.930555555504;0.807779759475359
2018-08-08;2637.37749999994;17.3302736082875
2018-08-09;2593.58929622453;17.0425402245594
2018-08-10;52.3882037755102;0.344244199124446
2018-08-11;196.01500000013;1.28801947439485
2018-08-12;55.4577432251535;0.364414219727773
2018-08-13;2554.62809010828;16.7865251633467
2018-08-14;79.5441666664556;0.522686711429415
2018-08-15;2509.30333333323;16.4886950513735
2018-08-16;2610.35115228454;17.1526828005474
2018-08-17;91.8885809676722;0.603802166981055
2018-08-18;93.496426878497;0.614367362731212
2018-08-19;39.4816082688049;0.259434636791143
2018-08-20;2698.1375093786;17.7295291517106
2018-08-21;604.330277777743;3.9710693913408
2018-08-22;3151.89833333297;20.7112028908137
2018-08-23;309.946460948791;2.03666595781722
2018-08-24;553.368027369957;3.63619516751012
2018-08-25;536.583289459348;3.52590223430876
2018-08-26;339.75388888875;2.23253131336788
2018-08-27;937.461111111101;6.16008044077307
2018-08-28;45.7388888890855;0.300551384466931
2018-08-29;2412.55722222198;15.8529739321572
2018-08-30;48.4816666669212;0.318574245940733
2018-08-31;2288.88763032854;15.0403379463954
2018-09-01;57.9821698013693;0.381002289986905
2018-09-02;104.749901410192;0.688314225733636
2018-09-03;2228.74918734841;14.6451667313448
2018-09-04;92.8533333335072;0.610141578940156
2018-09-05;38.1461111111566;0.250659051519358
2018-09-06;2877.27751631895;18.9066626240584
2018-09-07;1774.57637256989;11.6607857902175
2018-09-08;8;0.0525682003680942
2018-09-09;18;0.118278450828212
2018-09-10;2361;15.5141901336338
2018-09-11;56;0.367977402576659
2018-09-12;18.1444444442168;0.119227598888918
2018-09-13;2469.2880555559;16.2257536588755
2018-09-14;2546.99916666653;16.7363953163369
2018-09-15;138.253333333414;0.908466116028478
2018-09-16;83.3149999999441;0.547464951708104
2018-09-17;71;0.466542778266836
2018-09-18;21.1438888888806;0.138937023458924
2018-09-19;3297.85611111112;21.6702951042542
2018-09-20;2308;15.1659258061952
2018-09-21;2470;16.2304318636491
2018-09-22;82.4249999998138;0.541616739416297
2018-09-23;146.575000000186;0.963147996120398
2018-09-24;73;0.479684828358859
2018-09-25;75;0.492826878450883
2018-09-26;2402;15.7836021605203
2018-09-27;2473;16.2501449387871
2018-09-28;77;0.505968928542907
2018-09-29;90;0.59139225414106
2018-09-30;34;0.2234148515644
2018-10-01;2437;16.0135880371307
2018-10-02;312;2.05015981435567
2018-10-03;83;0.545395078818977
2018-10-04;128.277777777985;0.842916490625872
2018-10-05;2280.72222222202;14.9866828452165
2018-10-06;0;0
2018-10-07;0;0
2018-10-08;0;0
2018-10-09;0;0
2018-10-10;0;0
2018-10-11;0;0
2018-10-12;0;0
2018-10-13;0;0
2018-10-14;0;0
2018-10-15;0;0
2018-10-16;0;0
2018-10-17;0;0
2018-10-18;0;0
2018-10-19;0;0
2018-10-20;0;0
2018-10-21;0;0
2018-10-22;86;0.565108153957013
2018-10-23;15.8299265112728;0.104018843582099
2018-10-24;44.1700734887272;0.290242659178607
2018-10-25;1743;11.4532966551985
2018-10-26;34;0.2234148515644
2018-10-27;5;0.0328551252300589
2018-10-28;3;0.0197130751380353
2018-10-29;1.82644214760512;0.0120015970970048
2018-10-30;2.17355785239488;0.0142825030870423
2018-10-31;1848.95765255066;12.1495470439255
2018-11-01;12.0423474493437;0.0791305667024134
2018-11-02;7;0.0459971753220824
2018-11-03;8;0.0525682003680942
2018-11-04;6;0.0394261502760706
2018-11-05;5;0.0328551252300589
2018-11-06;7;0.0459971753220824
2018-11-07;1995;13.1091949667935
2018-11-08;1;0.00657102504601177
2018-11-09;4;0.0262841001840471
2018-11-10;21;0.137991525966247
2018-11-11;17;0.1117074257822
2018-11-12;1951;12.820069864769
2018-11-13;9;0.059139225414106
2018-11-14;12;0.0788523005521413
2018-11-15;4;0.0262841001840471
2018-11-16;2;0.0131420500920235
2018-11-17;1;0.00657102504601177
2018-11-18;7;0.0459971753220824
2018-11-19;1737;11.4138705049225
2018-11-20;1;0.00657102504601177
2018-11-21;8;0.0525682003680942
2018-11-22;5;0.0328551252300589
2018-11-23;1850;12.1563963351218
2018-11-24;12;0.0788523005521413
2018-11-25;6;0.0394261502760706
2018-11-26;11;0.0722812755061295
2018-11-27;8;0.0525682003680942
2018-11-28;5;0.0328551252300589
2018-11-29;5;0.0328551252300589
2018-11-30;2050;13.4706013443241
2018-12-01;2;0.0131420500920235
2018-12-02;14;0.0919943506441648
2018-12-03;3.1196557469666;0.0204993360482521
2018-12-04;6.8803442530334;0.0452109144118656
2018-12-05;2;0.0131420500920235
2018-12-06;27;0.177417676242318
2018-12-07;18;0.118278450828212
2018-12-08;11;0.0722812755061295
2018-12-09;20;0.131420500920235
2018-12-10;15;0.0985653756901766
2018-12-11;11;0.0722812755061295
2018-12-12;4;0.0262841001840471
2018-12-13;3.13452025083825;0.0205970110754892
2018-12-14;14.688430568669;0.0965180451533289
2018-12-15;82.1770491804928;0.53998744837236
2018-12-16;292;1.91873931343544
2018-12-17;9;0.059139225414106
2018-12-18;3;0.0197130751380353
2018-12-19;4;0.0262841001840471
2018-12-20;2;0.0131420500920235
2018-12-21;6;0.0394261502760706
2018-12-22;6;0.0394261502760706
2018-12-23;51;0.3351222773466
2018-12-24;10;0.0657102504601177
2018-12-25;6;0.0394261502760706
2018-12-26;1;0.00657102504601177
2018-12-27;1981;13.0172006161493
2018-12-28;3;0.0197130751380353
2018-12-29;4;0.0262841001840471
2018-12-30;6;0.0394261502760706
2018-12-31;17;0.1117074257822
2019-01-01;10;0.0657102504601177
2019-01-02;6;0.0394261502760706
2019-01-03;2;0.0131420500920235
2019-01-04;13;0.0854233255981531
2019-01-05;5;0.0328551252300589
2019-01-06;0;0
2019-01-07;6;0.0394261502760706
2019-01-08;6;0.0394261502760706
2019-01-09;4;0.0262841001840471
2019-01-10;4.0041221762076;0.0263111871071513
2019-01-11;0.9599893335253;0.0063081139544989
2019-01-12;8.0358884902671;0.0528040245365029
2019-01-13;5;0.0328551252300589
2019-01-14;4;0.0262841001840471
2019-01-15;5;0.0328551252300589
2019-01-16;2;0.0131420500920235
2019-01-17;8;0.0525682003680942
2019-01-18;17;0.1117074257822
2019-01-19;0;0
2019-01-20;2;0.0131420500920235
2019-01-21;4;0.0262841001840471
2019-01-22;30.8769017211162;0.202892894552699
2019-01-23;1974.12309827888;12.9720123227009
2019-01-24;18.2950078332797;0.120216954689463
2019-01-25;4.70499216672033;0.0309166213688085
2019-01-26;9;0.059139225414106
2019-01-27;4;0.0262841001840471
2019-01-28;1.93114520935342;0.012689603538147
2019-01-29;1955.06885479065;12.8468064115069
2019-01-30;6;0.0394261502760706
2019-01-31;37.0187118267641;0.243250882584759
2019-02-01;5.87454393785447;0.0386017753495384
2019-02-02;1.63913755817339;0.0107708139486159
2019-02-03;3.28599058277905;0.0215923264204
2019-02-04;6.18161609442905;0.0406195541813228
2019-02-05;2204;14.48253920141
2019-02-06;27;0.177417676242318
2019-02-07;11;0.0722812755061295
2019-02-08;17;0.1117074257822
2019-02-09;24;0.157704601104283
2019-02-10;14;0.0919943506441648
2019-02-11;2;0.0131420500920235
2019-02-12;22.0883088032715;0.145142830370339
2019-02-13;5.9116911967285;0.0388458709179903
2019-02-14;4;0.0262841001840471
2019-02-15;4.79639572929591;0.0315172364677873
2019-02-16;9.20360427070409;0.0604771141763775
2019-02-17;29;0.190559726334341
2019-02-18;2893;19.0099754581121
2019-02-19;11;0.0722812755061295
2019-02-20;7.56899143755436;0.0497360323092184
2019-02-21;2545.43100856245;16.7260909101589
2019-02-22;10.027962223161;0.0658939909288508
2019-02-23;6.97203777683899;0.0458134348533493
2019-02-24;12.0813888888806;0.0793871089794428
2019-02-25;7.7068712930195;0.0506420442928203
2019-02-26;7.21173981809989;0.0473885229700548
2019-02-27;7;0.0459971753220824
2019-02-28;4;0.0262841001840471
2019-03-01;0;0
2019-03-02;0;0
2019-03-03;0;0
2019-03-04;0;0
2019-03-05;0;0
2019-03-06;0;0
2019-03-07;0;0
2019-03-08;0;0
2019-03-09;0;0
2019-03-10;0;0
2019-03-11;0;0
2019-03-12;0;0
2019-03-13;9.57655949192122;0.0629278122760361
2019-03-14;19.4234405080788;0.127631914058305
2019-03-15;1734;11.3941574297844
2019-03-16;39;0.256269976794459
2019-03-17;46;0.302267152116542
2019-03-18;1700.94338282943;11.1769415704202
2019-03-19;11.2333056507632;0.0738143327806706
2019-03-20;1842.84528577141;12.1093825287287
2019-03-21;597.377272685058;3.92538102073172
2019-03-22;1252.22998340521;8.22843458432254
2019-03-23;22.3707696581259;0.146998887722106
2019-03-24;95.9096128912643;0.630224468461791
2019-03-25;10.0903871087357;0.0663041864154566
2019-03-26;5;0.0328551252300589
2019-03-27;1799;11.8212740577752
2019-03-28;6;0.0394261502760706
2019-03-29;1777.8724521515;11.6824444117019
2019-03-30;37.127547848504;0.24396604680952
2019-03-31;0;0
2019-04-01;4;0.0262841001840471
2019-04-02;922.014100156259;6.05857774490279
2019-04-03;967.595830798149;6.35809643859121
2019-04-04;649.933333943598;4.27072821558132
2019-04-05;1029.85395242041;6.76719611508873
2019-04-06;257.910144569818;1.69473401958879
2019-04-07;5.26836406998336;0.0346185522553692
2019-04-08;6.79593758005649;0.0446562760496838
2019-04-09;12.6283364617266;0.0829811151794692
2019-04-10;1871;12.294387861088
2019-04-11;7.26321358652785;0.0477267583916075
2019-04-12;1854.73678641347;12.1875218772823
2019-04-13;42;0.275983051932495
2019-04-14;48;0.315409202208565
2019-04-15;17.8636088822968;0.117382221377731
2019-04-16;38.1363911177032;0.250595181198929
2019-04-17;1742.62974358955;11.450863691052
2019-04-18;4.37025641044602;0.0287170643305343
2019-04-19;1803;11.8475581579592
2019-04-20;3;0.0197130751380353
2019-04-21;2;0.0131420500920235
2019-04-22;3.46581937558949;0.0227739859219514
2019-04-23;15.0879356018268;0.0991432027322166
2019-04-24;1732.06529264152;11.3814444192751
2019-04-25;786.83848520834;5.17033539346997
2019-04-26;1065.54246717272;7.00170623938112
2019-04-27;47.0626916773617;0.309250125744674
2019-04-28;48.9787588650361;0.321840651224723
2019-04-29;928.823604152538;6.10332316621325
2019-04-30;130.134945305064;0.855119984960948
2019-05-01;1972.12000000011;12.9588499137415
2019-05-02;251.917530532926;1.65535640266129
2019-05-03;1790.15470089577;11.7631513758218
2019-05-04;170.866024905816;1.12276492916859
2019-05-05;32.8144662999548;0.215624679928512
2019-05-06;44.0133446268737;0.289212789901935
2019-05-07;15.9112766887993;0.104553397636123
2019-05-08;2222.76518085087;14.605845674774
2019-05-09;60.4374751988798;0.397136163249555
2019-05-10;2195.76643260289;14.4284362238255
2019-05-11;214.536029674113;1.40972162426052
2019-05-12;37.1371772824787;0.244029322061347
2019-05-13;34.917562823277;0.229444179857443
2019-05-14;22.6427976172417;0.148786390254671
2019-05-15;1817.03748742305;11.9397988393992
2019-05-16;455.997185202315;2.99636892487528
2019-05-17;2166.77054252476;14.2379035038907
2019-05-18;225.831213421188;1.48394255956186
2019-05-19;38.3555318186991;0.252035160233773
2019-05-20;32.1340167797171;0.211153429088484
2019-05-21;20.8740228302777;0.137163726828776
2019-05-22;2687.14567589061;17.6573015385594
2019-05-23;1055.74703760445;6.93734022635158
2019-05-24;1706.44627844915;11.2131012353629
2019-05-25;18.3693550066091;0.12070549182751
2019-05-26;41.2916530491784;0.27132848637738
2019-05-27;18.0228018411435;0.118428282297461
2019-05-28;18.9771981588565;0.124699644404975
2019-05-29;2293.24888888886;15.0689958856274
2019-05-30;99.751111111138;0.655467049478791
2019-05-31;2257.28607708775;14.8326833485573
2019-06-01;213.310177630745;1.40166651978085
2019-06-02;137.052149403375;0.900573106339325
2019-06-03;2369.35159587814;15.5690686793232
2019-06-04;62;0.40740355285273
2019-06-05;2138.96357858693;14.0551832474017
2019-06-06;2621.64036332862;17.2268644890678
2019-06-07;967.396058084443;6.35678372708594
2019-06-08;56.4250344801694;0.370770314791271
2019-06-09;68.9662215565331;0.453178769176776
2019-06-10;1041.34398205858;6.84269738762056
2019-06-11;54.2647619047202;0.356575109591782
2019-06-12;243.203581979033;1.598096828464
2019-06-13;1559.7767996164;10.2493324164675
2019-06-14;999.453768687323;6.56743574637526
2019-06-15;34.9043899811804;0.229357620782099
2019-06-16;181.30175549956;1.19133837627351
2019-06-17;1035.79679474188;6.80624668082761
2019-06-18;41.5629094946198;0.273110919274267
2019-06-19;1069;7.02442577418659
2019-06-20;3052.58984126989;20.0586443021855
2019-06-21;2288.30329004303;15.0364982317439
2019-06-22;38.5454545458779;0.253283147230872
2019-06-23;32.3904020916671;0.212838143394737
2019-06-24;34.0168643053621;0.223525667337318
2019-06-25;3275.84003983811;21.5256269485044
2019-06-26;7054.41892425343;46.3547634363287
2019-06-27;6454.89518365264;42.4152779211623
2019-06-28;2581.33333333349;16.9620059854394
2019-06-29;199.666666666511;1.31201466751933
2019-06-30;80.0394444442354;0.525941194111939
2019-07-01;36.9605555557646;0.242868736271439
2019-07-02;1772.73080872698;11.6486585439817
2019-07-03;2115.26814631326;13.8994799684553
2019-07-04;1550.15132519323;10.1860831829531
2019-07-05;1725.20944162831;11.3363944505556
2019-07-06;1227.91765139811;8.06867764177693
2019-07-07;1227.91765139811;8.06867764177693
2019-07-08;1130.87680358905;7.43101980033739
2019-07-09;1453.18464644952;9.54891270829956
2019-07-10;2513.56895454228;16.516724555175
2019-07-11;1673.97314759297;10.9997194791846
2019-07-12;105.303883485496;0.6919544558255
2019-07-13;51.9182309233584;0.341155995742011
2019-07-14;56.300900590606;0.369954627893891
2019-07-15;2775.32103571668;18.2367040364176
2019-07-16;721.328418574762;4.73986710485483
2019-07-17;2380.395825997;15.6416405920482
2019-07-18;701.344242789317;4.60855058524476
2019-07-19;2208.78248057235;14.5139650010329
2019-07-20;126.188035713974;0.829184743183551
2019-07-21;739.463395192754;4.85903249042049
2019-07-22;2094.50391864684;13.7630377083982
2019-07-23;546.252131780144;3.58943643936465
2019-07-24;2209.95743048191;14.5216856263165
2019-07-25;1286.94898326648;8.45657400198343
2019-07-26;1691.45198864117;11.1145733814875
2019-07-27;245.332367787603;1.61208513332971
2019-07-28;741.091075320263;4.86972801730525
2019-07-29;2021.64135343442;13.2842559674707
2019-07-30;45.738581395708;0.300549363920245
2019-07-31;40.9371428573504;0.268998991027811
2019-08-01;3357.5020802212;22.0622302611701
2019-08-02;1267.18435574882;8.32670013953979
2019-08-03;846.028293917421;5.55927310896598
2019-08-04;75.7445404771715;0.497719272574147
2019-08-05;2907.48057280108;19.1051276646686
2019-08-06;784.967842567712;5.15804335382626
2019-08-07;784.967842567246;5.1580433538232
2019-08-08;814.60729397554;5.35280493137715
2019-08-09;2482.21995550161;16.3107294973113
2019-08-10;64.2401065756567;0.422123349267106
2019-08-11;189.493233883753;1.24516478589991
2019-08-12;459.094553201925;3.01672180757743
2019-08-13;1266.3483497249;8.32120672301799
2019-08-14;1627.58899028925;10.6949280198037
2019-08-15;2789.29175100057;18.3285059564588
2019-08-16;1921.53479276551;12.6264532500452
2019-08-17;411.732486815192;2.70550448311934
2019-08-18;84.4463257426396;0.554898921498554
2019-08-19;106.131367937662;0.697391876885868
2019-08-20;76.1287950943224;0.500244219287491
2019-08-21;3329.31718009152;21.8770265764987
2019-08-22;1149.00595576596;7.55014691335482
2019-08-23;33.9433333333582;0.223042493478623
2019-08-24;157.222222222015;1.03311116001049
2019-08-25;946.592568060383;6.22008347309338
2019-08-26;1711.19535271591;11.2443075213152
2019-08-27;644.158190335147;4.23277960228587
2019-08-28;3094.24500000011;20.3323613934974
2019-08-29;2953.78666666662;19.409406167242
2019-08-30;283.708330907859;1.86425454815774
2019-08-31;845.965037082788;5.55885744672128
2019-09-01;1035.46966149425;6.80409708006405
2019-09-02;1016.65697051492;6.68047841645599
2019-09-03;67.784881209489;0.445416152168485
2019-09-04;2607.33872990171;17.1328880976207
2019-09-05;1230.49239202682;8.08559632693517
2019-09-06;1495.48015687242;9.82683756662229
2019-09-07;23.5998969185166;0.155075513734869
2019-09-08;37.2374558234587;0.244688254865704
2019-09-09;2682.06648724759;17.6239260627727
2019-09-10;1664.23570953589;10.9357345298275
2019-09-11;1232.76429046411;8.1005250284686
2019-09-12;383.78088947013;2.5218338368889
2019-09-13;1274.01087180898;8.3715573475481
2019-09-14;1274.01087180898;8.3715573475481
2019-09-15;1274.01087180898;8.3715573475481
2019-09-16;1274.01087180898;8.3715573475481
2019-09-17;376.169438369572;2.47181880107064
2019-09-18;94.2330490387976;0.619207725395995
2019-09-19;2696.22320797667;17.7169502292529
2019-09-20;3060.05393901654;20.1076910754247
2019-09-21;28.1211762987077;0.184784953782121
2019-09-22;548.751284907572;3.6058584371588
2019-09-23;872.860736422241;5.73558976071083
2019-09-24;872.860736422241;5.73558976071083
2019-09-25;872.860736422241;5.73558976071083
2019-09-26;2875.56076286361;18.8953817941055
2019-09-27;3205.48055555578;21.0632930150608
2019-09-28;172.900870067533;1.13613594769099
2019-09-29;116.760536319111;0.767236408538646
2019-09-30;69.3385936133564;0.455625635288597
2019-10-01;878.227210618556;5.77085299706359
2019-10-02;1880.46066757804;12.3565541446953
2019-10-03;190.629917629063;1.25263396325973
2019-10-04;81.6822041743435;0.536735809443059
2019-10-05;147.489329520613;0.969156078299432
2019-10-06;92.5625063325278;0.608230547432664
2019-10-07;2900.94816414686;19.0622030437909
2019-10-08;144;0.946227606625695
2019-10-09;131;0.860804281027542
2019-10-10;75;0.492826878450883
2019-10-11;94.9061994608492;0.623631013679029
2019-10-12;80.9033613628708;0.531618013821965
2019-10-13;120.19043917628;0.789774386118491
2019-10-14;2851.63711514324;18.738178905743
2019-10-15;91.3628848567605;0.600347804669663
2019-10-16;40.4604700994678;0.265866762397013
2019-10-17;109.539529900532;0.719786994504751
2019-10-18;2862.01416666666;18.8063667712071
2019-10-19;85.1548408963718;0.559554592319207
2019-10-20;49.2413514456712;0.323566153648974
2019-10-21;34.5896409912966;0.227289397286365
2019-10-22;4;0.0262841001840471
2019-10-23;6.33761887764558;0.0416446523770861
2019-10-24;43.6623811223544;0.286906599923502
2019-10-25;2266.28001333168;14.8917827288784
2019-10-26;575.768875556998;3.78339170199907
2019-10-27;90.7533455616795;0.596342506695157
2019-10-28;87.5671245241538;0.575405768455446
2019-10-29;27.6306410254911;0.181561634215862
2019-10-30;26;0.170846651196306
2019-10-31;1564.62557219667;10.2811938225348
2019-11-01;1179.37442780333;7.74969890372149
2019-11-02;75.6222662674263;0.49691580567943
2019-11-03;77.1909277234227;0.507223519395495
2019-11-04;55.6847635922022;0.365905976245605
2019-11-05;36.5020424169488;0.239855834952355
2019-11-06;70.8876043334603;0.46580422352694
2019-11-07;103.012064562645;0.676894856282522
2019-11-08;2507.46427857177;16.4766105764749
2019-11-09;138.636052532122;0.910980973468778
2019-11-10;30.4872357873246;0.200332389942176
2019-11-11;6.51276421267539;0.0427955367602591
2019-11-12;42;0.275983051932495
2019-11-13;13.1812076149508;0.0866140453745228
2019-11-14;2589.81879238505;17.0177641493941
2019-11-15;71;0.466542778266836
2019-11-16;46.1318244952709;0.303133374176645
2019-11-17;19.8681755047292;0.130554278860133
2019-11-18;123.171858822927;0.80936536928928
2019-11-19;181.828141177073;1.19479726974431
2019-11-20;29;0.190559726334341
2019-11-21;2580;16.9532446187104
2019-11-22;11.2434001304209;0.0738806638593278
2019-11-23;31.4494808227755;0.206655326170525
2019-11-24;16.3674344322644;0.107550821593365
2019-11-25;18.0141624296084;0.118371512507881
2019-11-26;18.4455688307062;0.121206294774505
2019-11-27;2572.12447005231;16.9014943141735
2019-11-28;17.3554833019152;0.114043315462524
2019-11-29;28;0.18398870128833
2019-11-30;20.9196598362178;0.137463608737834
2019-12-01;68.0803401637822;0.447357620357214
2019-12-02;11;0.0722812755061295
2019-12-03;88.7666870448738;0.583288123823355
2019-12-04;26.2333129551262;0.172379756467999
2019-12-05;18;0.118278450828212
2019-12-06;35;0.229985876610412
2019-12-07;22.5986662963405;0.148496402239716
2019-12-08;117.113737838343;0.769557304567809
2019-12-09;31.2787069762126;0.205533166947556
2019-12-10;40.7281563947909;0.267625735748056
2019-12-11;101.889134562574;0.669516055127138
2019-12-12;81.3868757095188;0.534795198703895
2019-12-13;8.99472222244367;0.059104545005596
2019-12-14;11.0099999997765;0.072346985755121
2019-12-15;54;0.354835352484636
2019-12-16;49;0.321980227254577
2019-12-17;34.0699801277369;0.223874692736483
2019-12-18;2573.9227976501;16.9133111698595
2019-12-19;8.00722222216427;0.0526156577708235
2019-12-20;37.7661584047601;0.248162372769327
2019-12-21;29.513355684001;0.193932999391425
2019-12-22;35.6654859110713;0.23435880119983
2019-12-23;28.0550000001676;0.184350107666962
2019-12-24;22;0.144562551012259
2019-12-25;39.7388703329489;0.261125112258021
2019-12-26;34.5363513794728;0.226939229912379
2019-12-27;39.7247782875784;0.261032513074942
2019-12-28;12.457587282639;0.0818591180470986
2019-12-29;42.7312681325711;0.280788233146969
2019-12-30;37.4059434290975;0.245795391142299
2019-12-31;1.40520115569234;0.00923361198873905
2020-01-01;8;0.0525682003680942
2020-01-02;12.9727777778171;0.0852444476943811
2020-01-03;11.0978755573742;0.0729244182450277
2020-01-04;15.6292897858657;0.1027004546343
2020-01-05;12.300056878943;0.0808239818189039
2020-01-06;21;0.137991525966247
2020-01-07;15;0.0985653756901766
2020-01-08;30.5933314808644;0.2010295474017
2020-01-09;32.9996665739454;0.216841635567433
2020-01-10;35.4070019451901;0.232660296586032
2020-01-11;40.6631412515417;0.267198519613395
2020-01-12;24.3185254149139;0.159797639583473
2020-01-13;2519.01833333354;16.5525325596975
2020-01-14;25;0.164275626150294
2020-01-15;19;0.124849475874224
2020-01-16;28.9351106639952;0.190133336882235
2020-01-17;38.0648893360049;0.250125341200555
2020-01-18;14.5901681371033;0.0958723602544287
2020-01-19;10.4098318628967;0.0684032658958656
2020-01-20;17.8666666666977;0.117402314155614
2020-01-21;2.13333333330229;0.0140181867646211
2020-01-22;8.45819988241419;0.0555790432715175
2020-01-23;35.5418001175858;0.233546058753001
2020-01-24;24.2866130368784;0.159587942548124
2020-01-25;24.3108112984337;0.159746949930874
2020-01-26;24.3108112984337;0.159746949930874
2020-01-27;56.2054844824597;0.369327646257469
2020-01-28;76.7985778041184;0.504645378248946
2020-01-29;85.5896615390666;0.562411809652877
2020-01-30;91.4980405406095;0.601235916053346
2020-01-31;44;0.289125102024518
2020-02-01;69.5245690005832;0.456847684216006
2020-02-02;21.4454617444426;0.14091866624602
2020-02-03;49.0299692549743;0.322177155979623
2020-02-04;29.7235314380378;0.195314069535265
2020-02-05;19.2764685619622;0.126666157719312
2020-02-06;1430.98981213011;9.40306989609464
2020-02-07;1022.01018786989;6.71565454177225
2020-02-08;20;0.131420500920235
2020-02-09;39.3962165000849;0.25887352534016
2020-02-10;70.0767564726993;0.460476121925375
2020-02-11;87.5675675678067;0.575408679706386
2020-02-12;545.451071811374;3.58417265424651
2020-02-13;44.5083876480348;0.292465729992838
2020-02-14;66;0.433687653036777
2020-02-15;289.521104852203;1.90245043133283
2020-02-16;47.0626723337919;0.309249998637592
2020-02-17;32.4162228140049;0.213007812007924
2020-02-18;18.5638306685723;0.12198339627311
2020-02-19;22.3150282399729;0.146632609467322
2020-02-20;54.667405275628;0.359220889266628
2020-02-21;80.0026936931536;0.52569970400612
2020-02-22;76.3792604776099;0.501890033594232
2020-02-23;87.6684995181859;0.576071906080271
2020-02-24;71.6097636083141;0.470549550209214
2020-02-25;54.4351692032069;0.357694860218161
2020-02-26;98.2814445532858;0.645809833717858
2020-02-27;66.0385699896142;0.433941097404556
2020-02-28;54.0002792170271;0.354837187226714
2020-02-29;34.23684133403;0.224971141902242
2020-03-01;667.203392948024;4.3842102058455
2020-03-02;987.122486936394;6.48640658514047
2020-03-03;987.122486936394;6.48640658514047
2020-03-04;1412.4880154524;9.28149412672919
2020-03-05;1761.30899466202;11.57360551769
2020-03-06;588.709562541917;3.86842528028957
2020-03-07;588.709562541451;3.86842528028651
2020-03-08;588.709562541917;3.86842528028957
2020-03-09;588.709562541917;3.86842528028957
2020-03-10;163.987940685824;1.07756886549044
2020-03-11;93.7296464331448;0.615899854266023
2020-03-12;2644;17.3737902216551
2020-03-13;114;0.749096855245342
2020-03-14;41.3764044945128;0.271885390247358
2020-03-15;30.6235955054872;0.20122841306549
2020-03-16;2478;16.2830000640172
2020-03-17;417.692078434862;2.74466510891619
2020-03-18;1242.10621143179;8.16191102512509
2020-03-19;849.201710133348;5.58012570640226
2020-03-20;18;0.118278450828212
2020-03-21;0;0
2020-03-22;1;0.00657102504601177
2020-03-23;2451.35588367283;16.1079209083025
2020-03-24;0.644116327166557;0.00423250451835656
2020-03-25;1383.21329365065;9.08912919655486
2020-03-26;1037.29373295233;6.81608309930081
2020-03-27;4.92672544158995;0.032373636271511
2020-03-28;5.33316872967407;0.0350443852972951
2020-03-29;3.84281467553228;0.0252512314801042
2020-03-30;2326.11741462583;15.2849757914705
2020-03-31;191.311154758092;1.25711038949686
2020-04-01;7.96169516630471;0.0523164983464991
2020-04-02;2439;16.0267300872227
2020-04-03;4.84750000014901;0.0318530439115212
2020-04-04;1.73507987894118;0.0114012533413536
2020-04-05;7.36575345415622;0.0484005504300083
2020-04-06;2479.60297490843;16.2935332522886
2020-04-07;9.1329157804139;0.0600126183362159
2020-04-08;236.148672054987;1.55173883865574
2020-04-09;2330.16710392293;15.3115864012703
2020-04-10;10.7530291429721;0.0706584238189642
2020-04-11;13.2469708570279;0.0870461772853184
2020-04-12;10;0.0657102504601177
2020-04-13;1742.17651019711;11.4478854830786
2020-04-14;784.82348980289;5.15709480819316
2020-04-15;0;0
2020-04-16;2464;16.191005713373
2020-04-17;6;0.0394261502760706
2020-04-18;42.5279345316812;0.279452122962826
2020-04-19;35.4720654683188;0.233087830626092
2020-04-20;2265.87579857931;14.8891266236166
2020-04-21;176.830320306588;1.16195646362887
2020-04-22;6.60805685259402;0.043421707083865
2020-04-23;2468.68582426151;16.2217963819566
2020-04-24;21;0.137991525966247
2020-04-25;6.82896476611495;0.0448732985164733
2020-04-26;15.1710352338851;0.0996892524957861
2020-04-27;2288.91166666662;15.0404958897749
2020-04-28;189.371568942908;1.24436532252639
2020-04-29;34.7167643904686;0.228124728326259
2020-04-30;2282.60597741697;14.9990610477831
2020-05-01;33.1573565211147;0.217877820159787
2020-05-02;37.7159961904399;0.247832755602665
2020-05-03;73.3962254268117;0.482288435562306
2020-05-04;2085.84873015899;13.7061642480666
2020-05-05;179.275714285672;1.1780252087128
2020-05-06;406.926578058861;2.67392473631264
2020-05-07;1971.07342194114;12.9519728231034
2020-05-08;147.639518582262;0.970142974385164
2020-05-09;40.2403036397882;0.264420043076167
2020-05-10;16.1201777779497;0.10592609192507
2020-05-11;2217;14.5679625270081
2020-05-12;23.1021548528224;0.151804838154738
2020-05-13;256.066604595631;1.68262007224508
2020-05-14;2004.83124055155;13.1737962946911
2020-05-15;23.878542510327;0.156906500897616
2020-05-16;24.9855407746509;0.164180614218379
2020-05-17;24.9855407751165;0.164180614221439
2020-05-18;2219.15037593991;14.5820927011676
2020-05-19;36;0.236556901656424
2020-05-20;504.870477903634;3.31751655529671
2020-05-21;1888.96973055555;12.4124674106386
2020-05-22;48.2386254342273;0.316977215913488
2020-05-23;119.992377633695;0.788472918761513
2020-05-24;669.469732007477;4.39910237656792
2020-05-25;1708.56655230094;11.2270336079475
2020-05-26;22.8250041645952;0.149983674040878
2020-05-27;285.763416540343;1.87775856732049
2020-05-28;2146.51733197831;14.1048191501278
2020-05-29;272.955839866307;1.79359966021668
2020-05-30;80.948608470615;0.531915333700212
2020-05-31;133.745080922265;0.878842276521075
2020-06-01;2354.17277777754;15.4693282854153
2020-06-02;88.8233333332464;0.583660348003015
2020-06-03;223.721111111343;1.47007702443422
2020-06-04;2320.41999999993;15.2475379372662
2020-06-05;2221.41349273361;14.596963698301
2020-06-06;277.135060927831;1.82106142648478
2020-06-07;74.1532452804968;0.487262831981199
2020-06-08;125.086534391623;0.821946750406168
2020-06-09;88.211666666437;0.579641071015599
2020-06-10;2552.42888888903;16.7720741570538
2020-06-11;2606.46812140336;17.1271673073727
2020-06-12;1520.46422204562;9.99100848462658
2020-06-13;1049.06019098638;6.8934007897454
2020-06-14;153.1452433425;1.00632122968114
2020-06-15;109.464213512838;0.719292088634839
2020-06-16;309.896342042368;2.03633662522783
2020-06-17;3492.60466298973;22.949992716323
2020-06-18;1746.63432158669;11.4771778733699
2020-06-19;547.977424683515;3.60077338224441
2020-06-20;274.156433326658;1.80148878991473
2020-06-21;236.625212969258;1.55487020093886
2020-06-22;2590.44633103907;17.021887721607
2020-06-23;431.464003308676;2.83516077219382
2020-06-24;1891.16438787431;12.4268885588476
2020-06-25;2213.92805875279;14.5477767241328
2020-06-26;369.887433907483;2.4305395924111
2020-06-27;274.568951784167;1.80419945903096
2020-06-28;172.802694604732;1.13549083426602
2020-06-29;1987.71407219674;13.0613189527148
2020-06-30;500.867354981601;3.29121193431377
2020-07-01;4014.04273202224;26.3763753278797
2020-07-02;2722.05795851164;17.8867110220757
2020-07-03;2722.05795851117;17.8867110220726
2020-07-04;2510.07278472744;16.4937511357565
2020-07-05;63.9216666668654;0.420030872650788
2020-07-06;2499.21736440109;16.4224198969071
2020-07-07;664.158210208174;4.36420023379226
2020-07-08;1941.72654229961;12.7591337419566
2020-07-09;380.720099840779;2.50172131157386
2020-07-10;2125.87229288602;13.9691600811765
2020-07-11;112.259540620726;0.737660253072567
2020-07-12;600.732162686065;3.94742608695495
2020-07-13;1777.26006413437;11.6784203947034
2020-07-14;219.132056256291;1.43992223004415
2020-07-15;69.0866377875209;0.453970027246543
2020-07-16;2419.36920273164;15.8977356266991
2020-07-17;2332.09698565118;15.3242677024425
2020-07-18;80.6249516075477;0.529788576346683
2020-07-19;95.8395557077602;0.629764120954333
2020-07-20;2396.57033029385;15.7479236648896
2020-07-21;67.9356494043022;0.446406853752745
2020-07-22;322.350143606309;2.11817086722255
2020-07-23;3282.57628480531;21.5698909829
2020-07-24;1397.42761572031;9.18253186288667
2020-07-25;105.921903284267;0.696015479402155
2020-07-26;50.0209744428285;0.328689075889741
2020-07-27;80.1797649571672;0.526863243716883
2020-07-28;766.926796748303;5.03949518989068
2020-07-29;2612.25054166326;17.1651637357271
2020-07-30;1887.73893253738;12.4043798060347
2020-07-31;2083.53743275488;13.6909766549354
2020-08-01;98.5462962961756;0.647550181153867
2020-08-02;206.458055555355;1.35664105400513
2020-08-03;81.9737300900743;0.538651433536887
2020-08-04;1164.05426245183;7.64902971348774
2020-08-05;1393.50739998696;9.15677202711706
2020-08-06;2499.37262389576;16.4234401109352
2020-08-07;159.730224316474;1.04959130458863
2020-08-08;176.053526004776;1.15685212881607
2020-08-09;591.814362671692;3.88882699970518
2020-08-10;1854.9013871788;12.1886034730339
2020-08-11;120.394146470819;0.791112951852962
2020-08-12;2795.14555469109;18.3669714471236
2020-08-13;1741.22169821896;11.4416113896559
2020-08-14;823.071689437144;5.4084246859547
2020-08-15;150.593574300874;0.989554148499478
2020-08-16;150.593574300874;0.989554148499478
2020-08-17;2071.78115342418;13.6137258490054
2020-08-18;948.900222189724;6.23524712617481
2020-08-19;1467.19999999972;9.64100794750663
2020-08-20;899.232814814896;5.90888134834435
2020-08-21;1236.70148954028;8.12639646220925
2020-08-22;1287.19122021878;8.45816574706406
2020-08-23;1287.19122021832;8.45816574706104
2020-08-24;1287.19122021832;8.45816574706104
2020-08-25;5017.74569168687;32.9717326145921
2020-08-26;2998.04908840358;19.7002556490727
2020-08-27;1041.24970394699;6.84207788378802
2020-08-28;1041.24970394699;6.84207788378802
2020-08-29;1041.24970394699;6.84207788378802
2020-08-30;782.177662177943;5.1397090086022
2020-08-31;833.750912869815;5.47859813060273
2020-09-01;833.75091287028;5.47859813060579
2020-09-02;833.750912869815;5.47859813060273
2020-09-03;3207.68611842161;21.0777858238927
2020-09-04;954.583496366627;6.27259206313459
2020-09-05;954.583496366627;6.27259206313459
2020-09-06;954.583496366627;6.27259206313459
2020-09-07;2196.26287256554;14.4316983432539
2020-09-08;70.3157894737087;0.462046813761831
2020-09-09;73.7825097464956;0.48482671950183
2020-09-10;2663.68433252443;17.5031364636872
2020-09-11;2722.68982607452;17.8908630396571
2020-09-12;246.997359699104;1.62302583688159
2020-09-13;246.997359698638;1.62302583687853
2020-09-14;246.997359699104;1.62302583688159
2020-09-15;3134.49602181418;20.5968518659652
2020-09-16;2322.99418289866;15.2644529575667
2020-09-17;2747.85251859529;18.0562077224362
2020-09-18;49.2438167738728;0.323582353382333
2020-09-19;2943.69558910234;19.3430974438259
2020-09-20;2715.20607756451;17.8416871407598
2020-09-21;1559.08803233225;10.2448065093924
2020-09-22;1979.58217588207;13.0078840583596
2020-09-23;1979.5821758816;13.0078840583565
2020-09-24;2467.30255763466;16.2127069023063
2020-09-25;86.6900490834378;0.56964248376726
2020-09-26;42.5072496244684;0.279316201919456
2020-09-27;2754.44529924402;18.0995290492019
2020-09-28;661.687241859268;4.3479634388837
2020-09-29;2539.87288773386;16.6895683589854
2020-09-30;1945.93611917691;12.7867949770504
2020-10-01;749.081145347562;4.92223096757402
2020-10-02;734.892234475818;4.82899527886016
2020-10-03;734.892234475818;4.82899527886016
2020-10-04;734.892234475818;4.82899527886016
2020-10-05;222.163806934841;1.45984393968616
2020-10-06;2506.26307248836;16.4687174212154
2020-10-07;175.219816682395;1.15137380397761
2020-10-08;221;1.4521965351686
2020-10-09;2563.46574201155;16.8445975953511
2020-10-10;83.5342579884455;0.548905701442085
2020-10-11;36.6419616849162;0.240775247966588
2020-10-12;54.3580383150838;0.357188031220483
2020-10-13;2546.93705470953;16.7359871771118
2020-10-14;263.010408253409;1.72824797999493
2020-10-15;389.866666666698;2.561823631272
2020-10-16;2091.18587037036;13.7412347300696
2020-10-17;117.49552480178;0.772066036266794
2020-10-18;189.328658551909;1.24408335727241
2020-10-19;587.155459772796;3.8582132320696
2020-10-20;2185.27285258472;14.3594826467038
2020-10-21;11.7475042887963;0.0771931449098112
2020-10-22;20;0.131420500920235
2020-10-23;2616;17.1898015203668
2020-10-24;124.395601163618;0.817406610859825
2020-10-25;136.417303757276;0.896401519698457
2020-10-26;407.126107424963;2.67523584877471
2020-10-27;2546.48362965696;16.7330077097349
2020-10-28;48.2223487496376;0.316870261411383
2020-10-29;100.355009247549;0.659435279258388
2020-10-30;2672;17.5577789229435
2020-10-31;60;0.394261502760706
2020-11-01;236.486427742522;1.55395823973797
2020-11-02;109.05054423213;0.716573857430541
2020-11-03;2767.75909913424;18.1870143617381
2020-11-04;3.56788790598512;0.0234446807915907
2020-11-05;12.1360409851186;0.0797462292726397
2020-11-06;152;0.99879580699379
2020-11-07;43;0.282554076978506
2020-11-08;253.842049226631;1.66800246319915
2020-11-09;22.9878756878898;0.151053906899729
2020-11-10;14.1542662116699;0.0930080377848011
2020-11-11;236.013987942133;1.55085382597688
2020-11-12;50.7210611635819;0.333289363266192
2020-11-13;655.360737079289;4.30639181752075
2020-11-14;2131.92002268881;14.0088998651822
2020-11-15;148;0.972511706809742
2020-11-16;228;1.49819371049068
2020-11-17;2574.43331142562;16.9166657686648
2020-11-18;26.3434266783297;0.173103316501079
2020-11-19;257.223261896055;1.69022049633582
2020-11-20;18;0.118278450828212
2020-11-21;2632.84716619272;17.3005046713735
2020-11-22;223.574946088251;1.46911657040663
2020-11-23;70.5778877190314;0.463769067896362
2020-11-24;2614;17.1766594702748
2020-11-25;174.165450121742;1.14444553489988
2020-11-26;57.6904021594674;0.379085077504352
2020-11-27;62.1441477187909;0.40835075112323
2020-11-28;2633;17.301508946149
2020-11-29;229.100399120245;1.50542446067042
2020-11-30;26.3657123516314;0.173249756218512
2020-12-01;81.0952045531012;0.532878620229876
2020-12-02;121.759397273418;0.800084049070927
2020-12-03;35.6792867016047;0.234449486540079
2020-12-04;69.8992567351088;0.459309766704007
2020-12-05;70.9828960862942;0.46643038802149
2020-12-06;70.9828960862942;0.46643038802149
2020-12-07;70.9828960862942;0.46643038802149
2020-12-08;77.5373258292675;0.509499710024892
2020-12-09;119.995495664422;0.788493407419514
2020-12-10;189.61923351232;1.24599273261501
2020-12-11;86.7318641110323;0.569917251360883
2020-12-12;88.1396501907148;0.579167848949903
2020-12-13;2728.12848569825;17.9266006082614
2020-12-14;90.1490259384737;0.592371507315276
2020-12-15;136.302601166535;0.895647806101855
2020-12-16;77.5483728949912;0.509572300570448
2020-12-17;80.3251393116079;0.52781850224096
2020-12-18;196.674860688392;1.2923554355043
2020-12-19;84.9637267538346;0.558298776501948
2020-12-20;43.132773109246;0.283426532404799
2020-12-21;43.707957342267;0.287206082406051
2020-12-22;319.349916871171;2.09845630220224
2020-12-23;614.822586495429;4.0400146147152
2020-12-24;614.822586494964;4.04001461471215
2020-12-25;614.822586495429;4.0400146147152
2020-12-26;614.822586494964;4.04001461471215
2020-12-27;614.822586494964;4.04001461471215
2020-12-28;614.822586495429;4.0400146147152
2020-12-29;243.261571598705;1.59847787970728
2020-12-30;38.6485353535973;0.253960493800159
2020-12-31;236.288994506467;1.55266090099893
2021-01-01;63.6649220567197;0.418343797387093
2021-01-02;59.3330769953318;0.38987913499327
2021-01-03;117.754758914933;0.773769470117103
2021-01-04;91.5803421647288;0.601776722086761
2021-01-05;113.996802100912;0.74907584177034
2021-01-06;151.381103260908;0.994729021020321
2021-01-07;0;0
2021-01-08;21;0.137991525966247
2021-01-09;13;0.0854233255981531
2021-01-10;138;0.906801456349625
2021-01-11;46.6450269678608;0.306505640477708
2021-01-12;3535.54050581902;23.2321252149259
2021-01-13;95.6065573771484;0.628233083088204
2021-01-14;84.2079098359682;0.553332284604448
2021-01-15;139.967990688048;0.919733172451106
2021-01-16;67.0320093119517;0.440469012073329
2021-01-17;32.4692548308522;0.213356286718869
2021-01-18;49.1381061356515;0.322887726130951
2021-01-19;264.177643354982;1.73591791108195
2021-01-20;45.2149956785142;0.297108869058831
2021-01-21;26.1018213829957;0.17151572205419
2021-01-22;39.508029983379;0.259608254539367
2021-01-23;39.5080299829133;0.259608254536307
2021-01-24;98.7740393690765;0.649046686589955
2021-01-25;166.874730696902;1.09653803495581
2021-01-26;388.477413207758;2.55269481199804
2021-01-27;1128.30016563833;7.4140886478287
2021-01-28;1128.30016563833;7.4140886478287
2021-01-29;1128.30016563879;7.41408864783172
2021-01-30;61.3860739674419;0.403369429516392
2021-01-31;51.4075014423579;0.33779997953062
2021-02-01;97.0648691686802;0.637815686395254
2021-02-02;44.2908249478787;0.291036120041034
2021-02-03;35.9850972970016;0.236458975621768
2021-02-04;7.41818788694218;0.0487450984011182
2021-02-05;24.970676518511;0.164082940818994
2021-02-06;14.2699488750659;0.0937681914633655
2021-02-07;181.150188941509;1.19034242862442
2021-02-08;644.267966132145;4.23350094179739
2021-02-09;953.018025417812;6.26230531432113
2021-02-10;953.018025417812;6.26230531432113
2021-02-11;953.018025417812;6.26230531432113
2021-02-12;251.652332379017;1.6536137789498
2021-02-13;66.6534253009595;0.43798132705508
2021-02-14;119.284269350581;0.783819921497882
2021-02-15;17;0.1117074257822
2021-02-16;0.911344259511679;0.0059884659547903
2021-02-17;47.265205882024;0.310580851655683
2021-02-18;57.0468423422426;0.374856229826761
2021-02-19;64.2038165531121;0.421884886620045
2021-02-20;26.5727909631096;0.174610474961028
2021-02-21;89;0.584821229095048
2021-02-22;358.570276542101;2.35617426791351
2021-02-23;543.145424941089;3.5690221909146
2021-02-24;543.145424941555;3.56902219091767
2021-02-25;67.3909325334244;0.442827505551221
2021-02-26;3406.89809386199;22.3868127039769
2021-02-27;52.8498471798375;0.347277669496607
2021-02-28;9.28830003226176;0.061033652146864
2021-03-01;3284.71169996774;21.5839228494159
2021-03-02;1.15522614540532;0.007591019935266
2021-03-03;2.34139996208251;0.0153853977935752
2021-03-04;1120.40415334236;7.36220375326826
2021-03-05;2453.78033166146;16.1238520167585
2021-03-06;65.5454596867785;0.430700857254177
2021-03-07;3404.64459011192;22.3720048743939
2021-03-08;36.1288390900008;0.237403506543724
2021-03-09;3346;21.9866498039554
2021-03-10;990.751533946488;6.51025314393696
2021-03-11;1501.27032275125;9.86488489163264
2021-03-12;1501.27032275125;9.86488489163264
2021-03-13;1501.27032275172;9.86488489163573
2021-03-14;1501.27032275125;9.86488489163264
2021-03-15;1501.27032275172;9.86488489163573
2021-03-16;1501.27032275125;9.86488489163264
2021-03-17;1501.27032275125;9.86488489163264
2021-03-18;1501.27032275172;9.86488489163573
2021-03-19;2140.08588404208;14.0625579446568
2021-03-20;49;0.321980227254577
2021-03-21;2898;19.0428305833421
2021-03-22;63;0.413974577898742
2021-03-23;2798.36705863662;18.3881400302355
2021-03-24;193.632941363379;1.27236690743169
2021-03-25;2856.28420158196;18.7687150271228
2021-03-26;133.237936116289;0.875509815299052
2021-03-27;3159.47786230175;20.7610081655045
2021-03-28;116;0.762238905337366
2021-03-29;2998.91764167603;19.7059629343798
2021-03-30;32.0823583239689;0.210813980081924
2021-03-31;2881;18.9311231575599
2021-04-01;45;0.29569612707053
2021-04-02;3146.4916666667;20.6756755487342
2021-04-03;19.5083333333023;0.128189746939076
2021-04-04;3149;20.6921578698911
2021-04-05;67;0.440258678082789
2021-04-06;3176;20.8695755461334
2021-04-07;36;0.236556901656424
2021-04-08;3031;19.9167769144617
2021-04-09;25;0.164275626150294
2021-04-10;3177.13125138916;20.8770090273449
2021-04-11;61.8687486108393;0.406541096687231
2021-04-12;3108;20.4227458430046
2021-04-13;167;1.09736118268397
2021-04-14;3164;20.7907232455813
2021-04-15;100;0.657102504601177
2021-04-16;2986.65333333332;19.6253738570878
2021-04-17;91.3466666666791;0.600241234536437
2021-04-18;3206;21.0667062975137
2021-04-19;128.30222222209;0.843077115680322
2021-04-20;2631.69777777791;17.2929520113122
2021-04-21;329.077594987582;2.16237711874472
2021-04-22;2347.92240501242;15.4282569294288
2021-04-23;91.1292169177905;0.598812366790241
2021-04-24;2595.87078308221;17.0575319318434
2021-04-25;610.004836285021;4.00835705741719
2021-04-26;2114.11747402092;13.8919188720026
2021-04-27;26.8031688416377;0.176124293770884
2021-04-28;2537.07452085242;16.6711802201196
2021-04-29;1407.65918440232;9.24976375695615
2021-04-30;1350.64193957718;8.87510201315557
2021-05-01;157.698876020499;1.0362432640586
2021-05-02;2854;18.7537054813176
2021-05-03;43.2184596387669;0.283989580736386
2021-05-04;2794.78154036123;18.364579499845
2021-05-05;74;0.486255853404871
2021-05-06;1757.19324394828;11.5465608166668
2021-05-07;1275.62564494042;8.38216806223842
2021-05-08;3031.91527777817;19.9227912276661
2021-05-09;74.0848227832466;0.486813226038057
2021-05-10;3023.18101054989;19.8653981389505
2021-05-11;20.9926557186991;0.137943266509874
2021-05-12;3053.0073442813;20.0613877249303
2021-05-13;42;0.275983051932495
2021-05-14;3056;20.081052540612
2021-05-15;86.0819444442168;0.565646612952343
2021-05-16;2902.91805555578;19.0751472495768
2021-05-17;36.6232450800017;0.240652260686919
2021-05-18;2944.75639843149;19.3500680484968
2021-05-19;61.6203564885073;0.404908905830156
2021-05-20;2928.88549533533;19.2457799467491
2021-05-21;73.1145046646707;0.480437241378296
2021-05-22;3052.31302469131;20.0568253335146
2021-05-23;24.686975308694;0.162218733063703
2021-05-24;2897;19.0362595582961
2021-05-25;27;0.177417676242318
2021-05-26;2977.07222222211;19.5624161360074
2021-05-27;11.9277777778916;0.0783777265217884
2021-05-28;2866.31271594297;18.8346126461633
2021-05-29;259.980956896674;1.70834137925415
2021-05-30;1192435.90210905;7835.52617852221
2021-05-31;1192435.90210905;7835.52617852221
2021-06-01;1192435.90210905;7835.52617852221
2021-06-02;665.000448574312;4.36973460319087
2021-06-03;2609.39313819399;17.146387665964
2021-06-04;2290.6064132317;15.0516321119007
2021-06-05;500.026334793773;3.28568556959535
2021-06-06;2483.78422076162;16.3210083235134
2021-06-07;2811.12536537321;18.4719751833464
2021-06-08;2704.0640790714;17.7684727895989
2021-06-09;94;0.617676354325107
2021-06-10;2676;17.5840630231275
2021-06-11;2744;18.0308927262563
2021-06-12;65.5155555554666;0.430504356458347
2021-06-13;3018.80485556833;19.8366423149615
2021-06-14;2560.783490072;16.8269724506766
2021-06-15;3019.82847346412;19.8433685337922
2021-06-16;72.3267886131071;0.475261139474326
2021-06-17;2951.81109313713;19.3964246240995
2021-06-18;2893.83727503894;19.0154772133633
2021-06-19;65.4619299611077;0.430151981334707
2021-06-20;2899.53090529703;19.052890200392
2021-06-21;2856.20838930924;18.76821686278
2021-06-22;2768.89124398353;18.1944537138985
2021-06-23;56.1227096058428;0.368783730470039
2021-06-24;2730.87729039416;17.9446630727648
2021-06-25;2823;18.5500037048912
2021-06-26;73.6094444445334;0.483689503068041
2021-06-27;2919.84833333315;19.1863965288879
2021-06-28;2868.54222222231;18.8492627877651
2021-06-29;2906.68495280389;19.0998996257399
2021-06-30;112.746158307418;0.740857830079652
2021-07-01;2874.56888888869;18.8888641653738
2021-07-02;2845;18.6945662559035
2021-07-03;171.744572158437;1.12853788516967
2021-07-04;2701.73755931854;17.7531851700328
2021-07-05;2583.51786852302;16.9763606208837
2021-07-06;2635.34388139192;17.3169106494802
2021-07-07;114.19486452546;0.750377314922719
2021-07-08;3065.34081093827;20.1424312432374
2021-07-09;2222.9228972001;14.6068820328549
2021-07-10;228.608657055534;1.50219321124703
2021-07-11;2847.79638888873;18.7129413973297
2021-07-12;3189.54453375703;20.9585770166874
2021-07-13;2299.24796624295;15.1084159731741
2021-07-14;66;0.433687653036777
2021-07-15;2683.80027777795;17.6353188437723
2021-07-16;2711.19972222205;17.8153612794613
2021-07-17;109.19777777791;0.717541332747475
2021-07-18;2789.80222222209;18.3318602756407
2021-07-19;3081.56012820499;20.2490087832262
2021-07-20;2351.03709401703;15.4487236288886
2021-07-21;46.4027777779847;0.304913814983656
2021-07-22;3158.82285396801;20.7567040893382
2021-07-23;1658.17714603199;10.8959235573005
2021-07-24;129.392500000075;0.850241358266571
2021-07-25;2494.00134434411;16.3881452984722
2021-07-26;2409.96395687712;15.8359335206252
2021-07-27;2334.62692100089;15.3408919709902
2021-07-28;830.290572549217;5.45586014768836
2021-07-29;3070.96550790407;20.1793912678759
2021-07-30;1315.75919732451;8.6458866401397
2021-07-31;1850.74102194421;12.1612656088768
2021-08-01;830.25897805579;5.45565253948074
2021-08-02;2674;17.5709209730355
2021-08-03;2609.07264957251;17.1442817272053
2021-08-04;852.92694919277;5.6046043455641
2021-08-05;1742.00040123472;11.4467282666759
2021-08-06;2607.38166666683;17.1331702361797
2021-08-07;110.586388888769;0.726665931136099
2021-08-08;2487.0319444444;16.3423491971755
2021-08-09;2546.9680555556;16.7361908844478
2021-08-10;2562.17194444453;16.8360960191337
2021-08-11;50.6527777775191;0.332840671426147
2021-08-12;2504.20722222235;16.4552083776266
2021-08-13;2525.81621187786;16.597201589872
2021-08-14;92.225454788655;0.606015773296079
2021-08-15;2495.87008659821;16.4004248506284
2021-08-16;2431.37269117963;15.9766108499304
2021-08-17;2568.88111111103;16.8801821213371
2021-08-18;46.8344444446266;0.307750307461688
2021-08-19;2560.07166666677;16.8222950412525
2021-08-20;2537.99222222203;16.677210458804
2021-08-21;66.799757569097;0.438942880054051
2021-08-22;2520.1363535421;16.5598790984899
2021-08-23;23.6940210270695;0.155694005609603
2021-08-24;2540.8854234172;16.6962217563207
2021-08-25;60.3677777778357;0.396678179750231
2021-08-26;2592.84194444446;17.0376293572944
2021-08-27;2589.17181816092;17.0135128655632
2021-08-28;2683.03901517252;17.6303165681254
2021-08-29;2663.94027777761;17.5048182863562
2021-08-30;2954.78472222248;19.4159644152969
2021-08-31;44.352954574395;0.291444375372972
2021-09-01;2585.00954542542;16.9861624671699
2021-09-02;2507.2111111111;16.47494700675
2021-09-03;79.9969444447197;0.525661925550666
2021-09-04;2546.56833333336;16.733564299714
2021-09-05;2610.61349603022;17.1544066678709
2021-09-06;2536.5226150807;16.6675536334706
2021-09-07;85.2734748804942;0.560334139200183
2021-09-08;2378.39842961682;15.6285156504072
2021-09-09;2440.32809550269;16.0354570360344
2021-09-10;81.9151195334271;0.538266302101198
2021-09-11;2626.08488046657;17.2560695224987
2021-09-12;2638;17.3343640713791
2021-09-13;2549;16.749542842284
2021-09-14;97.6712382012047;0.641800152495098
2021-09-15;2678.3287617988;17.5993653752336
2021-09-16;2613;17.1700884452288
2021-09-17;1627.82635121886;10.6964877244171
2021-09-18;2284.83299366711;15.0136948273406
2021-09-19;2146.00908768363;14.101479464138
2021-09-20;1502.5221697567;9.87311080965923
2021-09-21;196.8093976737;1.29323948140437
2021-09-22;49.3491666666232;0.32427461016619
2021-09-23;2442.65083333338;16.0507198044952
2021-09-24;2476.03750000009;16.270104427365
2021-09-25;660.129564141855;4.33772789958896
2021-09-26;1981.83293585805;13.0226738585343
2021-09-27;3434.83387785032;22.5703794402442
2021-09-28;1449.11618695688;9.52217875907474
2021-09-29;45.8127830051817;0.301036944554552
2021-09-30;2384.23715218762;15.6668820426566
2021-10-01;103;0.676815579739213
2021-10-02;1192.67086109379;7.83707009989572
2021-10-03;1235.32913890621;8.11737871182086
2021-10-04;20.426930799149;0.134225873894357
2021-10-05;46.0972749893554;0.302906348507946
2021-10-06;72.8121761083603;0.478450632862656
2021-10-07;2476.66361810314;16.2742186651019
2021-10-08;115;0.755667880291354
2021-10-09;168.419813046698;1.10669080977447
2021-10-10;1598.99217950087;10.5070176598772
2021-10-11;956.317863774486;6.28398863481062
2021-10-12;90.8188502318226;0.596772939523298
2021-10-13;80.4512934461236;0.528647464218521
2021-10-14;2383.09322848776;15.6593652913741
2021-10-15;50.329918295145;0.330719153681124
2021-10-16;2536.4615754392;16.6671525404575
2021-10-17;179.313836860471;1.17827571310662
2021-10-18;96.5510028647259;0.634439058041668
2021-10-19;2442.18283312675;16.0476445634159
2021-10-20;113.067604925949;0.742970063860975
2021-10-21;38.6162142176181;0.253748110806125
2021-10-22;21.3837857823819;0.140513391954582
2021-10-23;37.5232925890014;0.246566495411156
2021-10-24;2386.50757961022;15.6818010781157
2021-10-25;39.5167740425095;0.259665711970918
2021-10-26;13.5686407792382;0.0891598784007109
2021-10-27;25.4884093594737;0.167484976284103
2021-10-28;117.39530361956;0.771407480368285
2021-10-29;75.7891941363923;0.498012692887282
2021-10-30;71.9838614193723;0.473007756295336
2021-10-31;92.0880555552431;0.605112919492026
2021-11-01;71.4550778372213;0.469533106133102
2021-11-02;26.1927777943201;0.172113398911098
2021-11-03;16.0046593802981;0.105167017640826
2021-11-04;5.73924090294167;0.0377126957183249
2021-11-05;28.195815582294;0.185275410383983
2021-11-06;32.3227062807418;0.212393312525636
2021-11-07;62.3458968671039;0.409676449829807
2021-11-08;34.8827142440714;0.229215188970665
2021-11-09;10;0.0657102504601177
2021-11-10;2788.76912644226;18.3250717773965
2021-11-11;46.230873557739;0.303784228046906
2021-11-12;71.5377777777612;0.470076529513693
2021-11-13;60.4622222222388;0.397298776559861
2021-11-14;10;0.0657102504601177
2021-11-15;9;0.059139225414106
2021-11-16;2428;15.9544488117166
2021-11-17;13;0.0854233255981531
2021-11-18;3;0.0197130751380353
2021-11-19;61;0.400832527806718
2021-11-20;41.7663888889365;0.27444798747067
2021-11-21;8.23361111106351;0.0541032648299192
2021-11-22;2431.73549883999;15.9789948681535
2021-11-23;5.2645011600107;0.0345931689771883
2021-11-24;5;0.0328551252300589
2021-11-25;25;0.164275626150294
2021-11-26;13.2689636009745;0.087190692156622
2021-11-27;989.004436264746;6.4987729213124
2021-11-28;1503.25006605824;9.87789383448755
2021-11-29;88.476534076035;0.58138152139794
2021-11-30;16;0.105136400736188
2021-12-01;5;0.0328551252300589
2021-12-02;2.78135825879872;0.0182763747804981
2021-12-03;5.21864174120128;0.0342918255875961
2021-12-04;16;0.105136400736188
2021-12-05;20;0.131420500920235
2021-12-06;20.0324542960152;0.131633758912202
2021-12-07;36.2176164160483;0.237986864576701
2021-12-08;16.1982732703909;0.106439259361882
2021-12-09;2.55165601754561;0.0167669956000989
2021-12-10;21.6705671641976;0.142397839597223
2021-12-11;24.3294328358024;0.159869312519319
2021-12-12;2682;17.6234891734036
2021-12-13;10;0.0657102504601177
2021-12-14;15.7565131499432;0.103536442546091
2021-12-15;14.2434868500568;0.0935943088342626
2021-12-16;18;0.118278450828212
2021-12-17;12;0.0788523005521413
2021-12-18;11;0.0722812755061295
2021-12-19;19.5094444444403;0.128197048078192
2021-12-20;14.4905555555597;0.0952178034862078
2021-12-21;7;0.0459971753220824
2021-12-22;46;0.302267152116542
2021-12-23;8.91693665320054;0.0585934140818812
2021-12-24;13.8330203546211;0.0908971232122059
2021-12-25;8.25004299217835;0.0542112391322779
2021-12-26;2678;17.5972050732195
2021-12-27;25;0.164275626150294
2021-12-28;20;0.131420500920235
2021-12-29;28;0.18398870128833
2021-12-30;9;0.059139225414106
2021-12-31;30.7502777776681;0.202060845448876
2022-01-01;13.0191615456715;0.0855492365946808
2022-01-02;16.2305606766604;0.106651420717149
2022-01-03;6;0.0394261502760706
2022-01-04;8;0.0525682003680942
2022-01-05;11;0.0722812755061295
2022-01-06;10.4161780136637;0.0684449666115013
2022-01-07;30.5838219863363;0.200967060274981
2022-01-08;16;0.105136400736188
2022-01-09;9;0.059139225414106
2022-01-10;2701.49791585608;17.7516104668389
2022-01-11;9.50208414392546;0.0624384328990455
2022-01-12;0;0
2022-01-13;5.40627873362973;0.0355247929644018
2022-01-14;5.59372126637027;0.0367564825417277
2022-01-15;25;0.164275626150294
2022-01-16;2;0.0131420500920235
2022-01-17;16;0.105136400736188
2022-01-18;5;0.0328551252300589
2022-01-19;13;0.0854233255981531
2022-01-20;16;0.105136400736188
2022-01-21;22.7413888890296;0.149434235970907
2022-01-22;10.2586111109704;0.0674095905474812
2022-01-23;0.828786481637508;0.00544597672863604
2022-01-24;6.17121351836249;0.0405511985934464
2022-01-25;3;0.0197130751380353
2022-01-26;11;0.0722812755061295
2022-01-27;17;0.1117074257822
2022-01-28;2686.41507978132;17.6525007732268
2022-01-29;8.91591683635488;0.058586712839846
2022-01-30;8.66900338232517;0.0569642383492195
2022-01-31;6.7431250908412;0.0443092438603079
2022-02-01;15.2568749091588;0.100253307151951
2022-02-02;11;0.0722812755061295
2022-02-03;9.08694187318906;0.0597105226403785
2022-02-04;22.8860476226546;0.150384792132682
2022-02-05;18.0270105041564;0.118455937527529
2022-02-06;8.87372287549079;0.0583094552662176
2022-02-07;8.97239899681881;0.0589578585309073
2022-02-08;23.1499684187584;0.152119022294043
2022-02-09;22.003909708932;0.144588241807574
