"fecha";"tmed";"hrmed";"temp1";"temp2";"temp3";"temp4";"temp5";"temp6";"temp7";"temp8";"temp9";"temp10";"hum1";"hum2";"hum3";"hum4";"hum5";"hum6";"hum7";"hum8";"hum9";"hum10";"mean_temp_last10";"mean_hum_last10";"anomaliesAgg";"anomaliesAgg2";"anomaliesAgg3";"n_mediciones"
2018-01-16;9.6875;67.6041666666667;8.28333333333333;8.75;7.025;10.1458333333333;10.9416666666667;10.8375;7.07916666666667;5.7375;7.62916666666667;8.39583333333333;79.4291666666667;66.4208333333333;73.3583333333333;47.1666666666667;44.0833333333333;67.8291666666667;69.7125;67.3125;61.6791666666667;77.5375;1.55231481481481;10.9712962962963;NA;NA;NA;0
2018-01-21;16.8208333333333;37.3958333333333;9.6875;8.28333333333333;8.75;7.025;10.1458333333333;10.9416666666667;10.8375;7.07916666666667;5.7375;7.62916666666667;67.6041666666667;79.4291666666667;66.4208333333333;73.3583333333333;47.1666666666667;44.0833333333333;67.8291666666667;69.7125;67.3125;61.6791666666667;1.62314814814815;10.5231481481482;NA;NA;NA;0
2018-01-26;10.7958333333333;47.1583333333333;16.8208333333333;9.6875;8.28333333333333;8.75;7.025;10.1458333333333;10.9416666666667;10.8375;7.07916666666667;5.7375;37.3958333333333;67.6041666666667;79.4291666666667;66.4208333333333;73.3583333333333;47.1666666666667;44.0833333333333;67.8291666666667;69.7125;67.3125;2.20555555555556;13.2537037037037;NA;NA;NA;0
2018-01-31;9.94166666666667;82.4333333333333;10.7958333333333;16.8208333333333;9.6875;8.28333333333333;8.75;7.025;10.1458333333333;10.9416666666667;10.8375;7.07916666666667;47.1583333333333;37.3958333333333;67.6041666666667;79.4291666666667;66.4208333333333;73.3583333333333;47.1666666666667;44.0833333333333;67.8291666666667;69.7125;2.72592592592593;14.0717592592593;NA;NA;NA;0
2018-02-05;7.02916666666667;75.2416666666667;9.94166666666667;10.7958333333333;16.8208333333333;9.6875;8.28333333333333;8.75;7.025;10.1458333333333;10.9416666666667;10.8375;82.4333333333333;47.1583333333333;37.3958333333333;67.6041666666667;79.4291666666667;66.4208333333333;73.3583333333333;47.1666666666667;44.0833333333333;67.8291666666667;2.40324074074074;17.7819444444444;NA;NA;NA;0
2018-02-10;10.125;38.1375;7.02916666666667;9.94166666666667;10.7958333333333;16.8208333333333;9.6875;8.28333333333333;8.75;7.025;10.1458333333333;10.9416666666667;75.2416666666667;82.4333333333333;47.1583333333333;37.3958333333333;67.6041666666667;79.4291666666667;66.4208333333333;73.3583333333333;47.1666666666667;44.0833333333333;2.71527777777778;15.9425925925926;NA;NA;NA;0
2018-02-15;13.4708333333333;54.475;10.125;7.02916666666667;9.94166666666667;10.7958333333333;16.8208333333333;9.6875;8.28333333333333;8.75;7.025;10.1458333333333;38.1375;75.2416666666667;82.4333333333333;47.1583333333333;37.3958333333333;67.6041666666667;79.4291666666667;66.4208333333333;73.3583333333333;47.1666666666667;2.97083333333333;19.7226851851852;NA;NA;NA;0
2018-02-20;13.1208333333333;57.0833333333333;13.4708333333333;10.125;7.02916666666667;9.94166666666667;10.7958333333333;16.8208333333333;9.6875;8.28333333333333;8.75;7.025;54.475;38.1375;75.2416666666667;82.4333333333333;47.1583333333333;37.3958333333333;67.6041666666667;79.4291666666667;66.4208333333333;73.3583333333333;2.99583333333333;18.6277777777778;NA;NA;NA;0
2018-03-07;12.4625;49.3625;13.1208333333333;13.4708333333333;10.125;7.02916666666667;9.94166666666667;10.7958333333333;16.8208333333333;9.6875;8.28333333333333;8.75;57.0833333333333;54.475;38.1375;75.2416666666667;82.4333333333333;47.1583333333333;37.3958333333333;67.6041666666667;79.4291666666667;66.4208333333333;2.84305555555556;18.1467592592593;NA;NA;NA;0
2018-03-12;15.1666666666667;35.4416666666667;12.4625;13.1208333333333;13.4708333333333;10.125;7.02916666666667;9.94166666666667;10.7958333333333;16.8208333333333;9.6875;8.28333333333333;49.3625;57.0833333333333;54.475;38.1375;75.2416666666667;82.4333333333333;47.1583333333333;37.3958333333333;67.6041666666667;79.4291666666667;2.86435185185185;17.5592592592593;NA;NA;NA;0
2018-03-22;9.01666666666667;36.3416666666667;15.1666666666667;12.4625;13.1208333333333;13.4708333333333;10.125;7.02916666666667;9.94166666666667;10.7958333333333;16.8208333333333;9.6875;35.4416666666667;49.3625;57.0833333333333;54.475;38.1375;75.2416666666667;82.4333333333333;47.1583333333333;37.3958333333333;67.6041666666667;3.0087962962963;17.7921296296296;NA;NA;NA;0
2018-03-27;16.1291666666667;36.0125;9.01666666666667;15.1666666666667;12.4625;13.1208333333333;13.4708333333333;10.125;7.02916666666667;9.94166666666667;10.7958333333333;16.8208333333333;36.3416666666667;35.4416666666667;49.3625;57.0833333333333;54.475;38.1375;75.2416666666667;82.4333333333333;47.1583333333333;37.3958333333333;2.89953703703704;14.5356481481481;NA;NA;NA;0
2018-04-01;13.3958333333333;43.6875;16.1291666666667;9.01666666666667;15.1666666666667;12.4625;13.1208333333333;13.4708333333333;10.125;7.02916666666667;9.94166666666667;10.7958333333333;36.0125;36.3416666666667;35.4416666666667;49.3625;57.0833333333333;54.475;38.1375;75.2416666666667;82.4333333333333;47.1583333333333;3.02037037037037;13.4875;NA;NA;NA;0
2018-04-11;12.8958333333333;38.6125;13.3958333333333;16.1291666666667;9.01666666666667;15.1666666666667;12.4625;13.1208333333333;13.4708333333333;10.125;7.02916666666667;9.94166666666667;43.6875;36.0125;36.3416666666667;35.4416666666667;49.3625;57.0833333333333;54.475;38.1375;75.2416666666667;82.4333333333333;3.22916666666667;10.4208333333333;NA;NA;NA;0
2018-04-16;18.0916666666667;41.6333333333333;12.8958333333333;13.3958333333333;16.1291666666667;9.01666666666667;15.1666666666667;12.4625;13.1208333333333;13.4708333333333;10.125;7.02916666666667;38.6125;43.6875;36.0125;36.3416666666667;35.4416666666667;49.3625;57.0833333333333;54.475;38.1375;75.2416666666667;2.96111111111111;10.1856481481481;NA;NA;NA;0
2018-04-21;17.275;56.35;18.0916666666667;12.8958333333333;13.3958333333333;16.1291666666667;9.01666666666667;15.1666666666667;12.4625;13.1208333333333;13.4708333333333;10.125;41.6333333333333;38.6125;43.6875;36.0125;36.3416666666667;35.4416666666667;49.3625;57.0833333333333;54.475;38.1375;3.19444444444444;6.39861111111111;NA;NA;NA;0
2018-05-01;12.8;56.65;17.275;18.0916666666667;12.8958333333333;13.3958333333333;16.1291666666667;9.01666666666667;15.1666666666667;12.4625;13.1208333333333;13.4708333333333;56.35;41.6333333333333;38.6125;43.6875;36.0125;36.3416666666667;35.4416666666667;49.3625;57.0833333333333;54.475;2.91342592592592;6.21851851851852;NA;NA;NA;0
2018-05-06;17.0041666666667;59.7083333333333;12.8;17.275;18.0916666666667;12.8958333333333;13.3958333333333;16.1291666666667;9.01666666666667;15.1666666666667;12.4625;13.1208333333333;56.65;56.35;41.6333333333333;38.6125;43.6875;36.0125;36.3416666666667;35.4416666666667;49.3625;57.0833333333333;3.37175925925926;5.96203703703704;NA;NA;NA;0
2018-05-11;18.1083333333333;74.8416666666667;17.0041666666667;12.8;17.275;18.0916666666667;12.8958333333333;13.3958333333333;16.1291666666667;9.01666666666667;15.1666666666667;12.4625;59.7083333333333;56.65;56.35;41.6333333333333;38.6125;43.6875;36.0125;36.3416666666667;35.4416666666667;49.3625;3.76574074074074;5.44398148148148;NA;NA;NA;0
2018-05-16;16.8958333333333;49.5916666666667;18.1083333333333;17.0041666666667;12.8;17.275;18.0916666666667;12.8958333333333;13.3958333333333;16.1291666666667;9.01666666666667;15.1666666666667;74.8416666666667;59.7083333333333;56.65;56.35;41.6333333333333;38.6125;43.6875;36.0125;36.3416666666667;35.4416666666667;3.58796296296296;5.57870370370371;NA;NA;NA;0
2018-05-21;18.15;59.3833333333333;16.8958333333333;18.1083333333333;17.0041666666667;12.8;17.275;18.0916666666667;12.8958333333333;13.3958333333333;16.1291666666667;9.01666666666667;49.5916666666667;74.8416666666667;59.7083333333333;56.65;56.35;41.6333333333333;38.6125;43.6875;36.0125;36.3416666666667;3.03935185185185;8.28425925925926;NA;NA;NA;0
2018-05-26;20.4916666666667;64.2083333333333;18.15;16.8958333333333;18.1083333333333;17.0041666666667;12.8;17.275;18.0916666666667;12.8958333333333;13.3958333333333;16.1291666666667;59.3833333333333;49.5916666666667;74.8416666666667;59.7083333333333;56.65;56.35;41.6333333333333;38.6125;43.6875;36.0125;2.38842592592593;9.33564814814815;NA;NA;NA;0
2018-05-31;21.1958333333333;46.1291666666667;20.4916666666667;18.15;16.8958333333333;18.1083333333333;17.0041666666667;12.8;17.275;18.0916666666667;12.8958333333333;13.3958333333333;64.2083333333333;59.3833333333333;49.5916666666667;74.8416666666667;59.7083333333333;56.65;56.35;41.6333333333333;38.6125;43.6875;2.34490740740741;9.01898148148148;NA;NA;NA;0
2018-06-05;20.6875;54.6833333333333;21.1958333333333;20.4916666666667;18.15;16.8958333333333;18.1083333333333;17.0041666666667;12.8;17.275;18.0916666666667;12.8958333333333;46.1291666666667;64.2083333333333;59.3833333333333;49.5916666666667;74.8416666666667;59.7083333333333;56.65;56.35;41.6333333333333;38.6125;2.36759259259259;10.4638888888889;NA;NA;NA;0
2018-06-10;21.9916666666667;55.55;20.6875;21.1958333333333;20.4916666666667;18.15;16.8958333333333;18.1083333333333;17.0041666666667;12.8;17.275;18.0916666666667;54.6833333333333;46.1291666666667;64.2083333333333;59.3833333333333;49.5916666666667;74.8416666666667;59.7083333333333;56.65;56.35;41.6333333333333;1.84675925925926;11.0787037037037;NA;NA;NA;0
2018-06-15;22.2083333333333;53.6875;21.9916666666667;20.6875;21.1958333333333;20.4916666666667;18.15;16.8958333333333;18.1083333333333;17.0041666666667;12.8;17.275;55.55;54.6833333333333;46.1291666666667;64.2083333333333;59.3833333333333;49.5916666666667;74.8416666666667;59.7083333333333;56.65;56.35;1.90092592592593;9.53981481481481;NA;NA;NA;0
2018-06-20;23.2333333333333;51.5333333333333;22.2083333333333;21.9916666666667;20.6875;21.1958333333333;20.4916666666667;18.15;16.8958333333333;18.1083333333333;17.0041666666667;12.8;53.6875;55.55;54.6833333333333;46.1291666666667;64.2083333333333;59.3833333333333;49.5916666666667;74.8416666666667;59.7083333333333;56.65;1.42777777777778;9.71342592592592;NA;NA;NA;0
2018-06-25;24.5458333333333;55.875;23.2333333333333;22.2083333333333;21.9916666666667;20.6875;21.1958333333333;20.4916666666667;18.15;16.8958333333333;18.1083333333333;17.0041666666667;51.5333333333333;53.6875;55.55;54.6833333333333;46.1291666666667;64.2083333333333;59.3833333333333;49.5916666666667;74.8416666666667;59.7083333333333;1.07453703703704;9.61296296296296;NA;NA;NA;0
2018-06-30;24.5708333333333;63.1625;24.5458333333333;23.2333333333333;22.2083333333333;21.9916666666667;20.6875;21.1958333333333;20.4916666666667;18.15;16.8958333333333;18.1083333333333;55.875;51.5333333333333;53.6875;55.55;54.6833333333333;46.1291666666667;64.2083333333333;59.3833333333333;49.5916666666667;74.8416666666667;1.09768518518519;8.41388888888889;NA;NA;NA;0
2018-07-05;27.1291666666667;28.1416666666667;24.5708333333333;24.5458333333333;23.2333333333333;22.2083333333333;21.9916666666667;20.6875;21.1958333333333;20.4916666666667;18.15;16.8958333333333;63.1625;55.875;51.5333333333333;53.6875;55.55;54.6833333333333;46.1291666666667;64.2083333333333;59.3833333333333;49.5916666666667;0.965740740740741;6.41805555555555;NA;NA;NA;0
2018-07-10;25.7958333333333;49.1166666666667;27.1291666666667;24.5708333333333;24.5458333333333;23.2333333333333;22.2083333333333;21.9916666666667;20.6875;21.1958333333333;20.4916666666667;18.15;28.1416666666667;63.1625;55.875;51.5333333333333;53.6875;55.55;54.6833333333333;46.1291666666667;64.2083333333333;59.3833333333333;1.11064814814815;9.22129629629629;NA;NA;NA;0
2018-07-15;26.2583333333333;49.7916666666667;25.7958333333333;27.1291666666667;24.5708333333333;24.5458333333333;23.2333333333333;22.2083333333333;21.9916666666667;20.6875;21.1958333333333;20.4916666666667;49.1166666666667;28.1416666666667;63.1625;55.875;51.5333333333333;53.6875;55.55;54.6833333333333;46.1291666666667;64.2083333333333;0.998611111111111;11.0157407407407;NA;NA;NA;0
2018-07-20;26.325;53.8666666666667;26.2583333333333;25.7958333333333;27.1291666666667;24.5708333333333;24.5458333333333;23.2333333333333;22.2083333333333;21.9916666666667;20.6875;21.1958333333333;49.7916666666667;49.1166666666667;28.1416666666667;63.1625;55.875;51.5333333333333;53.6875;55.55;54.6833333333333;46.1291666666667;0.971759259259259;9.08194444444444;NA;NA;NA;0
2018-07-30;27.1458333333333;48.3708333333333;26.325;26.2583333333333;25.7958333333333;27.1291666666667;24.5708333333333;24.5458333333333;23.2333333333333;22.2083333333333;21.9916666666667;20.6875;53.8666666666667;49.7916666666667;49.1166666666667;28.1416666666667;63.1625;55.875;51.5333333333333;53.6875;55.55;54.6833333333333;0.922685185185185;8.58425925925926;NA;NA;NA;0
2018-08-04;27.7375;45.5875;27.1458333333333;26.325;26.2583333333333;25.7958333333333;27.1291666666667;24.5708333333333;24.5458333333333;23.2333333333333;22.2083333333333;21.9916666666667;48.3708333333333;53.8666666666667;49.7916666666667;49.1166666666667;28.1416666666667;63.1625;55.875;51.5333333333333;53.6875;55.55;0.868981481481481;9.09861111111111;NA;NA;NA;0
2018-08-09;26.6791666666667;66.3833333333333;27.7375;27.1458333333333;26.325;26.2583333333333;25.7958333333333;27.1291666666667;24.5708333333333;24.5458333333333;23.2333333333333;22.2083333333333;45.5875;48.3708333333333;53.8666666666667;49.7916666666667;49.1166666666667;28.1416666666667;63.1625;55.875;51.5333333333333;53.6875;0.910648148148148;9.20092592592593;NA;NA;NA;0
2018-08-14;26.425;68.3583333333333;26.6791666666667;27.7375;27.1458333333333;26.325;26.2583333333333;25.7958333333333;27.1291666666667;24.5708333333333;24.5458333333333;23.2333333333333;66.3833333333333;45.5875;48.3708333333333;53.8666666666667;49.7916666666667;49.1166666666667;28.1416666666667;63.1625;55.875;51.5333333333333;0.914351851851852;11.2722222222222;NA;NA;NA;0
2018-08-19;24.4583333333333;68.7458333333333;26.425;26.6791666666667;27.7375;27.1458333333333;26.325;26.2583333333333;25.7958333333333;27.1291666666667;24.5708333333333;24.5458333333333;68.3583333333333;66.3833333333333;45.5875;48.3708333333333;53.8666666666667;49.7916666666667;49.1166666666667;28.1416666666667;63.1625;55.875;0.796759259259259;11.0092592592593;NA;NA;NA;0
2018-08-24;27.0291666666667;42.4458333333333;24.4583333333333;26.425;26.6791666666667;27.7375;27.1458333333333;26.325;26.2583333333333;25.7958333333333;27.1291666666667;24.5708333333333;68.7458333333333;68.3583333333333;66.3833333333333;45.5875;48.3708333333333;53.8666666666667;49.7916666666667;49.1166666666667;28.1416666666667;63.1625;1.0125;10.2425925925926;NA;NA;NA;0
2018-08-29;25.5625;67.7583333333333;27.0291666666667;24.4583333333333;26.425;26.6791666666667;27.7375;27.1458333333333;26.325;26.2583333333333;25.7958333333333;27.1291666666667;42.4458333333333;68.7458333333333;68.3583333333333;66.3833333333333;45.5875;48.3708333333333;53.8666666666667;49.7916666666667;49.1166666666667;28.1416666666667;1.01388888888889;9.27361111111111;NA;NA;NA;0
2018-09-03;25.5333333333333;70.4791666666667;25.5625;27.0291666666667;24.4583333333333;26.425;26.6791666666667;27.7375;27.1458333333333;26.325;26.2583333333333;25.7958333333333;67.7583333333333;42.4458333333333;68.7458333333333;68.3583333333333;66.3833333333333;45.5875;48.3708333333333;53.8666666666667;49.7916666666667;49.1166666666667;1.0287037037037;9.75555555555556;NA;NA;NA;0
2018-09-08;21.2;78.7875;25.5333333333333;25.5625;27.0291666666667;24.4583333333333;26.425;26.6791666666667;27.7375;27.1458333333333;26.325;26.2583333333333;70.4791666666667;67.7583333333333;42.4458333333333;68.7458333333333;68.3583333333333;66.3833333333333;45.5875;48.3708333333333;53.8666666666667;49.7916666666667;0.980555555555556;9.98287037037037;NA;NA;NA;0
2018-09-13;25.0166666666667;68.4875;21.2;25.5333333333333;25.5625;27.0291666666667;24.4583333333333;26.425;26.6791666666667;27.7375;27.1458333333333;26.325;78.7875;70.4791666666667;67.7583333333333;42.4458333333333;68.7458333333333;68.3583333333333;66.3833333333333;45.5875;48.3708333333333;53.8666666666667;1.45462962962963;10.4532407407407;NA;NA;NA;0
2018-09-18;24.0541666666667;76.5916666666667;25.0166666666667;21.2;25.5333333333333;25.5625;27.0291666666667;24.4583333333333;26.425;26.6791666666667;27.7375;27.1458333333333;68.4875;78.7875;70.4791666666667;67.7583333333333;42.4458333333333;68.7458333333333;68.3583333333333;66.3833333333333;45.5875;48.3708333333333;1.7875;10.987037037037;NA;NA;NA;0
2018-09-23;24.2541666666667;51.7625;24.0541666666667;25.0166666666667;21.2;25.5333333333333;25.5625;27.0291666666667;24.4583333333333;26.425;26.6791666666667;27.7375;76.5916666666667;68.4875;78.7875;70.4791666666667;67.7583333333333;42.4458333333333;68.7458333333333;68.3583333333333;66.3833333333333;45.5875;1.8287037037037;11.5782407407407;NA;NA;NA;0
2018-09-28;20.9708333333333;69.1416666666667;24.2541666666667;24.0541666666667;25.0166666666667;21.2;25.5333333333333;25.5625;27.0291666666667;24.4583333333333;26.425;26.6791666666667;51.7625;76.5916666666667;68.4875;78.7875;70.4791666666667;67.7583333333333;42.4458333333333;68.7458333333333;68.3583333333333;66.3833333333333;1.73333333333333;12.0263888888889;NA;NA;NA;0
2018-10-03;19.5833333333333;62.6208333333333;20.9708333333333;24.2541666666667;24.0541666666667;25.0166666666667;21.2;25.5333333333333;25.5625;27.0291666666667;24.4583333333333;26.425;69.1416666666667;51.7625;76.5916666666667;68.4875;78.7875;70.4791666666667;67.7583333333333;42.4458333333333;68.7458333333333;68.3583333333333;2.06990740740741;13.737962962963;NA;NA;NA;0
2018-10-08;18.9208333333333;62.025;19.5833333333333;20.9708333333333;24.2541666666667;24.0541666666667;25.0166666666667;21.2;25.5333333333333;25.5625;27.0291666666667;24.4583333333333;62.6208333333333;69.1416666666667;51.7625;76.5916666666667;68.4875;78.7875;70.4791666666667;67.7583333333333;42.4458333333333;68.7458333333333;2.00555555555556;14.4194444444444;NA;NA;NA;0
2018-10-13;20.425;80.3541666666667;18.9208333333333;19.5833333333333;20.9708333333333;24.2541666666667;24.0541666666667;25.0166666666667;21.2;25.5333333333333;25.5625;27.0291666666667;62.025;62.6208333333333;69.1416666666667;51.7625;76.5916666666667;68.4875;78.7875;70.4791666666667;67.7583333333333;42.4458333333333;1.79351851851852;11.5634259259259;NA;NA;NA;0
2018-10-23;17.8166666666667;82.35;20.425;18.9208333333333;19.5833333333333;20.9708333333333;24.2541666666667;24.0541666666667;25.0166666666667;21.2;25.5333333333333;25.5625;80.3541666666667;62.025;62.6208333333333;69.1416666666667;51.7625;76.5916666666667;68.4875;78.7875;70.4791666666667;67.7583333333333;1.79768518518518;10.7875;NA;NA;NA;0
2018-10-28;12.5875;41.1416666666667;17.8166666666667;20.425;18.9208333333333;19.5833333333333;20.9708333333333;24.2541666666667;24.0541666666667;25.0166666666667;21.2;25.5333333333333;82.35;80.3541666666667;62.025;62.6208333333333;69.1416666666667;51.7625;76.5916666666667;68.4875;78.7875;70.4791666666667;2.08425925925926;10.7069444444444;NA;NA;NA;0
2018-11-02;14.575;59.0916666666667;12.5875;17.8166666666667;20.425;18.9208333333333;19.5833333333333;20.9708333333333;24.2541666666667;24.0541666666667;25.0166666666667;21.2;41.1416666666667;82.35;80.3541666666667;62.025;62.6208333333333;69.1416666666667;51.7625;76.5916666666667;68.4875;78.7875;2.1837962962963;14.3625;NA;NA;NA;0
2018-11-07;11.95;65.9208333333333;14.575;12.5875;17.8166666666667;20.425;18.9208333333333;19.5833333333333;20.9708333333333;24.2541666666667;24.0541666666667;25.0166666666667;59.0916666666667;41.1416666666667;82.35;80.3541666666667;62.025;62.6208333333333;69.1416666666667;51.7625;76.5916666666667;68.4875;1.98055555555556;15.2125;NA;NA;NA;0
2018-11-12;13.8666666666667;80.5833333333333;11.95;14.575;12.5875;17.8166666666667;20.425;18.9208333333333;19.5833333333333;20.9708333333333;24.2541666666667;24.0541666666667;65.9208333333333;59.0916666666667;41.1416666666667;82.35;80.3541666666667;62.025;62.6208333333333;69.1416666666667;51.7625;76.5916666666667;2.16527777777778;15.0708333333333;NA;NA;NA;0
2018-11-17;15.2166666666667;86.5041666666667;13.8666666666667;11.95;14.575;12.5875;17.8166666666667;20.425;18.9208333333333;19.5833333333333;20.9708333333333;24.2541666666667;80.5833333333333;65.9208333333333;59.0916666666667;41.1416666666667;82.35;80.3541666666667;62.025;62.6208333333333;69.1416666666667;51.7625;2.35601851851852;13.9412037037037;NA;NA;NA;0
2018-11-27;13.1;54.0458333333333;15.2166666666667;13.8666666666667;11.95;14.575;12.5875;17.8166666666667;20.425;18.9208333333333;19.5833333333333;20.9708333333333;86.5041666666667;80.5833333333333;65.9208333333333;59.0916666666667;41.1416666666667;82.35;80.3541666666667;62.025;62.6208333333333;69.1416666666667;2.1412037037037;12.6680555555556;NA;NA;NA;0
2018-12-02;12.2458333333333;64.95;13.1;15.2166666666667;13.8666666666667;11.95;14.575;12.5875;17.8166666666667;20.425;18.9208333333333;19.5833333333333;54.0458333333333;86.5041666666667;80.5833333333333;65.9208333333333;59.0916666666667;41.1416666666667;82.35;80.3541666666667;62.025;62.6208333333333;2.22222222222222;15.55;NA;NA;NA;0
2018-12-07;11.8041666666667;78.55;12.2458333333333;13.1;15.2166666666667;13.8666666666667;11.95;14.575;12.5875;17.8166666666667;20.425;18.9208333333333;64.95;54.0458333333333;86.5041666666667;80.5833333333333;65.9208333333333;59.0916666666667;41.1416666666667;82.35;80.3541666666667;62.025;2.24351851851852;16.6953703703704;NA;NA;NA;0
2018-12-12;12.5041666666667;67.7875;11.8041666666667;12.2458333333333;13.1;15.2166666666667;13.8666666666667;11.95;14.575;12.5875;17.8166666666667;20.425;78.55;64.95;54.0458333333333;86.5041666666667;80.5833333333333;65.9208333333333;59.0916666666667;41.1416666666667;82.35;80.3541666666667;2.12546296296296;16.1699074074074;NA;NA;NA;0
2018-12-17;11.1833333333333;58.425;12.5041666666667;11.8041666666667;12.2458333333333;13.1;15.2166666666667;13.8666666666667;11.95;14.575;12.5875;17.8166666666667;67.7875;78.55;64.95;54.0458333333333;86.5041666666667;80.5833333333333;65.9208333333333;59.0916666666667;41.1416666666667;82.35;1.91342592592593;17.1439814814815;NA;NA;NA;0
2018-12-22;10.3791666666667;70.4;11.1833333333333;12.5041666666667;11.8041666666667;12.2458333333333;13.1;15.2166666666667;13.8666666666667;11.95;14.575;12.5875;58.425;67.7875;78.55;64.95;54.0458333333333;86.5041666666667;80.5833333333333;65.9208333333333;59.0916666666667;41.1416666666667;1.47916666666667;13.6055555555556;NA;NA;NA;0
2018-12-27;9.675;82.2541666666667;10.3791666666667;11.1833333333333;12.5041666666667;11.8041666666667;12.2458333333333;13.1;15.2166666666667;13.8666666666667;11.95;14.575;70.4;58.425;67.7875;78.55;64.95;54.0458333333333;86.5041666666667;80.5833333333333;65.9208333333333;59.0916666666667;1.34768518518519;12.9416666666667;NA;NA;NA;0
2019-01-01;9.0375;63.7541666666667;9.675;10.3791666666667;11.1833333333333;12.5041666666667;11.8041666666667;12.2458333333333;13.1;15.2166666666667;13.8666666666667;11.95;82.2541666666667;70.4;58.425;67.7875;78.55;64.95;54.0458333333333;86.5041666666667;80.5833333333333;65.9208333333333;1.13425925925926;13.5;NA;NA;NA;0
2019-01-06;9.78333333333333;50.8083333333333;9.0375;9.675;10.3791666666667;11.1833333333333;12.5041666666667;11.8041666666667;12.2458333333333;13.1;15.2166666666667;13.8666666666667;63.7541666666667;82.2541666666667;70.4;58.425;67.7875;78.55;64.95;54.0458333333333;86.5041666666667;80.5833333333333;0.992129629629629;13.9263888888889;NA;NA;NA;0
2019-01-11;5.19166666666667;53.0875;9.78333333333333;9.0375;9.675;10.3791666666667;11.1833333333333;12.5041666666667;11.8041666666667;12.2458333333333;13.1;15.2166666666667;50.8083333333333;63.7541666666667;82.2541666666667;70.4;58.425;67.7875;78.55;64.95;54.0458333333333;86.5041666666667;0.925;14.7069444444444;NA;NA;NA;0
2019-01-16;8.6375;81.1708333333333;5.19166666666667;9.78333333333333;9.0375;9.675;10.3791666666667;11.1833333333333;12.5041666666667;11.8041666666667;12.2458333333333;13.1;53.0875;50.8083333333333;63.7541666666667;82.2541666666667;70.4;58.425;67.7875;78.55;64.95;54.0458333333333;1.2;11.3537037037037;NA;NA;NA;0
2019-01-21;9.93333333333333;46.3666666666667;8.6375;5.19166666666667;9.78333333333333;9.0375;9.675;10.3791666666667;11.1833333333333;12.5041666666667;11.8041666666667;12.2458333333333;81.1708333333333;53.0875;50.8083333333333;63.7541666666667;82.2541666666667;70.4;58.425;67.7875;78.55;64.95;1.48796296296296;13.2625;NA;NA;NA;0
2019-01-26;12.6166666666667;52.8625;9.93333333333333;8.6375;5.19166666666667;9.78333333333333;9.0375;9.675;10.3791666666667;11.1833333333333;12.5041666666667;11.8041666666667;46.3666666666667;81.1708333333333;53.0875;50.8083333333333;63.7541666666667;82.2541666666667;70.4;58.425;67.7875;78.55;1.58287037037037;15.6185185185185;NA;NA;NA;0
2019-02-05;11.0208333333333;45.325;12.6166666666667;9.93333333333333;8.6375;5.19166666666667;9.78333333333333;9.0375;9.675;10.3791666666667;11.1833333333333;12.5041666666667;52.8625;46.3666666666667;81.1708333333333;53.0875;50.8083333333333;63.7541666666667;82.2541666666667;70.4;58.425;67.7875;1.80324074074074;15.1444444444444;NA;NA;NA;0
2019-02-10;11.3791666666667;64.25;11.0208333333333;12.6166666666667;9.93333333333333;8.6375;5.19166666666667;9.78333333333333;9.0375;9.675;10.3791666666667;11.1833333333333;45.325;52.8625;46.3666666666667;81.1708333333333;53.0875;50.8083333333333;63.7541666666667;82.2541666666667;70.4;58.425;1.8337962962963;14.9416666666667;NA;NA;NA;0
2019-02-15;11.4083333333333;70.6958333333333;11.3791666666667;11.0208333333333;12.6166666666667;9.93333333333333;8.6375;5.19166666666667;9.78333333333333;9.0375;9.675;10.3791666666667;64.25;45.325;52.8625;46.3666666666667;81.1708333333333;53.0875;50.8083333333333;63.7541666666667;82.2541666666667;70.4;1.78425925925926;15.7138888888889;NA;NA;NA;0
2019-02-20;9.59583333333333;74.9208333333333;11.4083333333333;11.3791666666667;11.0208333333333;12.6166666666667;9.93333333333333;8.6375;5.19166666666667;9.78333333333333;9.0375;9.675;70.6958333333333;64.25;45.325;52.8625;46.3666666666667;81.1708333333333;53.0875;50.8083333333333;63.7541666666667;82.2541666666667;1.70925925925926;15.112962962963;NA;NA;NA;0
2019-02-25;10.6125;68.2166666666667;9.59583333333333;11.4083333333333;11.3791666666667;11.0208333333333;12.6166666666667;9.93333333333333;8.6375;5.19166666666667;9.78333333333333;9.0375;74.9208333333333;70.6958333333333;64.25;45.325;52.8625;46.3666666666667;81.1708333333333;53.0875;50.8083333333333;63.7541666666667;1.83981481481481;13.5268518518519;NA;NA;NA;0
2019-03-02;14.7041666666667;55.3083333333333;10.6125;9.59583333333333;11.4083333333333;11.3791666666667;11.0208333333333;12.6166666666667;9.93333333333333;8.6375;5.19166666666667;9.78333333333333;68.2166666666667;74.9208333333333;70.6958333333333;64.25;45.325;52.8625;46.3666666666667;81.1708333333333;53.0875;50.8083333333333;1.86990740740741;12.8333333333333;NA;NA;NA;0
2019-03-07;13.0125;48.2458333333333;14.7041666666667;10.6125;9.59583333333333;11.4083333333333;11.3791666666667;11.0208333333333;12.6166666666667;9.93333333333333;8.6375;5.19166666666667;55.3083333333333;68.2166666666667;74.9208333333333;70.6958333333333;64.25;45.325;52.8625;46.3666666666667;81.1708333333333;53.0875;1.81435185185185;14.0143518518519;NA;NA;NA;0
2019-03-12;13.1958333333333;64.05;13.0125;14.7041666666667;10.6125;9.59583333333333;11.4083333333333;11.3791666666667;11.0208333333333;12.6166666666667;9.93333333333333;8.6375;48.2458333333333;55.3083333333333;68.2166666666667;74.9208333333333;70.6958333333333;64.25;45.325;52.8625;46.3666666666667;81.1708333333333;1.61944444444444;11.6787037037037;NA;NA;NA;0
2019-03-17;16.5833333333333;36.5208333333333;13.1958333333333;13.0125;14.7041666666667;10.6125;9.59583333333333;11.4083333333333;11.3791666666667;11.0208333333333;12.6166666666667;9.93333333333333;64.05;48.2458333333333;55.3083333333333;68.2166666666667;74.9208333333333;70.6958333333333;64.25;45.325;52.8625;46.3666666666667;1.49583333333333;9.56759259259259;NA;NA;NA;0
2019-03-22;11.4833333333333;56.8666666666667;16.5833333333333;13.1958333333333;13.0125;14.7041666666667;10.6125;9.59583333333333;11.4083333333333;11.3791666666667;11.0208333333333;12.6166666666667;36.5208333333333;64.05;48.2458333333333;55.3083333333333;68.2166666666667;74.9208333333333;70.6958333333333;64.25;45.325;52.8625;1.57407407407407;11.9046296296296;NA;NA;NA;0
2019-03-27;11.4541666666667;57.4375;11.4833333333333;16.5833333333333;13.1958333333333;13.0125;14.7041666666667;10.6125;9.59583333333333;11.4083333333333;11.3791666666667;11.0208333333333;56.8666666666667;36.5208333333333;64.05;48.2458333333333;55.3083333333333;68.2166666666667;74.9208333333333;70.6958333333333;64.25;45.325;1.96342592592593;13.3277777777778;NA;NA;NA;0
2019-04-01;14.075;81.5375;11.4541666666667;11.4833333333333;16.5833333333333;13.1958333333333;13.0125;14.7041666666667;10.6125;9.59583333333333;11.4083333333333;11.3791666666667;57.4375;56.8666666666667;36.5208333333333;64.05;48.2458333333333;55.3083333333333;68.2166666666667;74.9208333333333;70.6958333333333;64.25;1.92685185185185;11.2884259259259;NA;NA;NA;0
2019-04-06;11.9458333333333;51.6916666666667;14.075;11.4541666666667;11.4833333333333;16.5833333333333;13.1958333333333;13.0125;14.7041666666667;10.6125;9.59583333333333;11.4083333333333;81.5375;57.4375;56.8666666666667;36.5208333333333;64.05;48.2458333333333;55.3083333333333;68.2166666666667;74.9208333333333;70.6958333333333;2.21481481481481;13.25;NA;NA;NA;0
2019-04-11;14.9958333333333;42.9916666666667;11.9458333333333;14.075;11.4541666666667;11.4833333333333;16.5833333333333;13.1958333333333;13.0125;14.7041666666667;10.6125;9.59583333333333;51.6916666666667;81.5375;57.4375;56.8666666666667;36.5208333333333;64.05;48.2458333333333;55.3083333333333;68.2166666666667;74.9208333333333;2.25;16.0967592592593;NA;NA;NA;0
2019-04-16;16.8708333333333;63.6375;14.9958333333333;11.9458333333333;14.075;11.4541666666667;11.4833333333333;16.5833333333333;13.1958333333333;13.0125;14.7041666666667;10.6125;42.9916666666667;51.6916666666667;81.5375;57.4375;56.8666666666667;36.5208333333333;64.05;48.2458333333333;55.3083333333333;68.2166666666667;2.47592592592593;16.3185185185185;NA;NA;NA;0
2019-04-26;15.425;55.7375;16.8708333333333;14.9958333333333;11.9458333333333;14.075;11.4541666666667;11.4833333333333;16.5833333333333;13.1958333333333;13.0125;14.7041666666667;63.6375;42.9916666666667;51.6916666666667;81.5375;57.4375;56.8666666666667;36.5208333333333;64.05;48.2458333333333;55.3083333333333;2.22962962962963;17.1782407407407;NA;NA;NA;0
2019-05-01;16.3458333333333;67.7791666666667;15.425;16.8708333333333;14.9958333333333;11.9458333333333;14.075;11.4541666666667;11.4833333333333;16.5833333333333;13.1958333333333;13.0125;55.7375;63.6375;42.9916666666667;51.6916666666667;81.5375;57.4375;56.8666666666667;36.5208333333333;64.05;48.2458333333333;2.20231481481481;17.2712962962963;NA;NA;NA;0
2019-05-06;16.6541666666667;75.1416666666667;16.3458333333333;15.425;16.8708333333333;14.9958333333333;11.9458333333333;14.075;11.4541666666667;11.4833333333333;16.5833333333333;13.1958333333333;67.7791666666667;55.7375;63.6375;42.9916666666667;51.6916666666667;81.5375;57.4375;56.8666666666667;36.5208333333333;64.05;2.28425925925926;16.8532407407407;NA;NA;NA;0
2019-05-11;22.7458333333333;51.8125;16.6541666666667;16.3458333333333;15.425;16.8708333333333;14.9958333333333;11.9458333333333;14.075;11.4541666666667;11.4833333333333;16.5833333333333;75.1416666666667;67.7791666666667;55.7375;63.6375;42.9916666666667;51.6916666666667;81.5375;57.4375;56.8666666666667;36.5208333333333;1.94212962962963;14.6125;NA;NA;NA;0
2019-05-16;19.2375;64.0541666666667;22.7458333333333;16.6541666666667;16.3458333333333;15.425;16.8708333333333;14.9958333333333;11.9458333333333;14.075;11.4541666666667;11.4833333333333;51.8125;75.1416666666667;67.7791666666667;55.7375;63.6375;42.9916666666667;51.6916666666667;81.5375;57.4375;56.8666666666667;2.05231481481482;14.9439814814815;NA;NA;NA;0
2019-05-26;18.6916666666667;61.0625;19.2375;22.7458333333333;16.6541666666667;16.3458333333333;15.425;16.8708333333333;14.9958333333333;11.9458333333333;14.075;11.4541666666667;64.0541666666667;51.8125;75.1416666666667;67.7791666666667;55.7375;63.6375;42.9916666666667;51.6916666666667;81.5375;57.4375;2.43888888888889;16.2407407407407;NA;NA;NA;0
2019-05-31;18.65;54.9625;18.6916666666667;19.2375;22.7458333333333;16.6541666666667;16.3458333333333;15.425;16.8708333333333;14.9958333333333;11.9458333333333;14.075;61.0625;64.0541666666667;51.8125;75.1416666666667;67.7791666666667;55.7375;63.6375;42.9916666666667;51.6916666666667;81.5375;2.20833333333333;13.8953703703704;NA;NA;NA;0
2019-06-05;22.1583333333333;42.4916666666667;18.65;18.6916666666667;19.2375;22.7458333333333;16.6541666666667;16.3458333333333;15.425;16.8708333333333;14.9958333333333;11.9458333333333;54.9625;61.0625;64.0541666666667;51.8125;75.1416666666667;67.7791666666667;55.7375;63.6375;42.9916666666667;51.6916666666667;1.97638888888889;11.2569444444444;NA;NA;NA;0
2019-06-10;23.7208333333333;35.6833333333333;22.1583333333333;18.65;18.6916666666667;19.2375;22.7458333333333;16.6541666666667;16.3458333333333;15.425;16.8708333333333;14.9958333333333;42.4916666666667;54.9625;61.0625;64.0541666666667;51.8125;75.1416666666667;67.7791666666667;55.7375;63.6375;42.9916666666667;2.02731481481481;11.6759259259259;NA;NA;NA;0
2019-06-15;21.4166666666667;44.9625;23.7208333333333;22.1583333333333;18.65;18.6916666666667;19.2375;22.7458333333333;16.6541666666667;16.3458333333333;15.425;16.8708333333333;35.6833333333333;42.4916666666667;54.9625;61.0625;64.0541666666667;51.8125;75.1416666666667;67.7791666666667;55.7375;63.6375;1.99259259259259;10.1384259259259;NA;NA;NA;0
2019-06-20;23.9916666666667;53.5875;21.4166666666667;23.7208333333333;22.1583333333333;18.65;18.6916666666667;19.2375;22.7458333333333;16.6541666666667;16.3458333333333;15.425;44.9625;35.6833333333333;42.4916666666667;54.9625;61.0625;64.0541666666667;51.8125;75.1416666666667;67.7791666666667;55.7375;2.08796296296296;10.2916666666667;NA;NA;NA;0
2019-06-25;23.5666666666667;66.2791666666667;23.9916666666667;21.4166666666667;23.7208333333333;22.1583333333333;18.65;18.6916666666667;19.2375;22.7458333333333;16.6541666666667;16.3458333333333;53.5875;44.9625;35.6833333333333;42.4916666666667;54.9625;61.0625;64.0541666666667;51.8125;75.1416666666667;67.7791666666667;2.27175925925926;9.91203703703703;NA;NA;NA;0
2019-06-30;26.975;37.8791666666667;23.5666666666667;23.9916666666667;21.4166666666667;23.7208333333333;22.1583333333333;18.65;18.6916666666667;19.2375;22.7458333333333;16.6541666666667;66.2791666666667;53.5875;44.9625;35.6833333333333;42.4916666666667;54.9625;61.0625;64.0541666666667;51.8125;75.1416666666667;2.28472222222222;10.5041666666667;NA;NA;NA;0
2019-07-05;26.0333333333333;65.3958333333333;26.975;23.5666666666667;23.9916666666667;21.4166666666667;23.7208333333333;22.1583333333333;18.65;18.6916666666667;19.2375;22.7458333333333;37.8791666666667;66.2791666666667;53.5875;44.9625;35.6833333333333;42.4916666666667;54.9625;61.0625;64.0541666666667;51.8125;1.98657407407407;11.0675925925926;NA;NA;NA;0
2019-07-10;24.775;50.5333333333333;26.0333333333333;26.975;23.5666666666667;23.9916666666667;21.4166666666667;23.7208333333333;22.1583333333333;18.65;18.6916666666667;19.2375;65.3958333333333;37.8791666666667;66.2791666666667;53.5875;44.9625;35.6833333333333;42.4916666666667;54.9625;61.0625;64.0541666666667;1.70138888888889;12.7648148148148;NA;NA;NA;0
2019-07-15;27.8791666666667;54.8;24.775;26.0333333333333;26.975;23.5666666666667;23.9916666666667;21.4166666666667;23.7208333333333;22.1583333333333;18.65;18.6916666666667;50.5333333333333;65.3958333333333;37.8791666666667;66.2791666666667;53.5875;44.9625;35.6833333333333;42.4916666666667;54.9625;61.0625;1.78055555555556;14.0837962962963;NA;NA;NA;0
2019-07-20;26.6458333333333;55.3;27.8791666666667;24.775;26.0333333333333;26.975;23.5666666666667;23.9916666666667;21.4166666666667;23.7208333333333;22.1583333333333;18.65;54.8;50.5333333333333;65.3958333333333;37.8791666666667;66.2791666666667;53.5875;44.9625;35.6833333333333;42.4916666666667;54.9625;2.12083333333333;13.8800925925926;NA;NA;NA;0
2019-07-25;27.3541666666667;49.3875;26.6458333333333;27.8791666666667;24.775;26.0333333333333;26.975;23.5666666666667;23.9916666666667;21.4166666666667;23.7208333333333;22.1583333333333;55.3;54.8;50.5333333333333;65.3958333333333;37.8791666666667;66.2791666666667;53.5875;44.9625;35.6833333333333;42.4916666666667;1.86805555555556;12.55;NA;NA;NA;0
2019-07-30;26.1708333333333;55.8875;27.3541666666667;26.6458333333333;27.8791666666667;24.775;26.0333333333333;26.975;23.5666666666667;23.9916666666667;21.4166666666667;23.7208333333333;49.3875;55.3;54.8;50.5333333333333;65.3958333333333;37.8791666666667;66.2791666666667;53.5875;44.9625;35.6833333333333;1.77314814814815;12.450462962963;NA;NA;NA;0
2019-08-04;26.6375;64.6166666666667;26.1708333333333;27.3541666666667;26.6458333333333;27.8791666666667;24.775;26.0333333333333;26.975;23.5666666666667;23.9916666666667;21.4166666666667;55.8875;49.3875;55.3;54.8;50.5333333333333;65.3958333333333;37.8791666666667;66.2791666666667;53.5875;44.9625;1.64861111111111;12.1416666666667;NA;NA;NA;0
2019-08-09;29.3166666666667;34.7541666666667;26.6375;26.1708333333333;27.3541666666667;26.6458333333333;27.8791666666667;24.775;26.0333333333333;26.975;23.5666666666667;23.9916666666667;64.6166666666667;55.8875;49.3875;55.3;54.8;50.5333333333333;65.3958333333333;37.8791666666667;66.2791666666667;53.5875;1.41435185185185;12.1532407407407;NA;NA;NA;0
2019-08-14;24.8166666666667;64.4833333333333;29.3166666666667;26.6375;26.1708333333333;27.3541666666667;26.6458333333333;27.8791666666667;24.775;26.0333333333333;26.975;23.5666666666667;34.7541666666667;64.6166666666667;55.8875;49.3875;55.3;54.8;50.5333333333333;65.3958333333333;37.8791666666667;66.2791666666667;1.66481481481482;14.0611111111111;NA;NA;NA;0
2019-08-19;27.1708333333333;54.9875;24.8166666666667;29.3166666666667;26.6375;26.1708333333333;27.3541666666667;26.6458333333333;27.8791666666667;24.775;26.0333333333333;26.975;64.4833333333333;34.7541666666667;64.6166666666667;55.8875;49.3875;55.3;54.8;50.5333333333333;65.3958333333333;37.8791666666667;1.78611111111111;14.2087962962963;NA;NA;NA;0
2019-08-24;24.025;60.725;27.1708333333333;24.8166666666667;29.3166666666667;26.6375;26.1708333333333;27.3541666666667;26.6458333333333;27.8791666666667;24.775;26.0333333333333;54.9875;64.4833333333333;34.7541666666667;64.6166666666667;55.8875;49.3875;55.3;54.8;50.5333333333333;65.3958333333333;1.94305555555556;12.2064814814815;NA;NA;NA;0
2019-08-29;24.0041666666667;72.95;24.025;27.1708333333333;24.8166666666667;29.3166666666667;26.6375;26.1708333333333;27.3541666666667;26.6458333333333;27.8791666666667;24.775;60.725;54.9875;64.4833333333333;34.7541666666667;64.6166666666667;55.8875;49.3875;55.3;54.8;50.5333333333333;2.15277777777778;11.1925925925926;NA;NA;NA;0
2019-09-03;24.9625;67.9833333333333;24.0041666666667;24.025;27.1708333333333;24.8166666666667;29.3166666666667;26.6375;26.1708333333333;27.3541666666667;26.6458333333333;27.8791666666667;72.95;60.725;54.9875;64.4833333333333;34.7541666666667;64.6166666666667;55.8875;49.3875;55.3;54.8;1.81018518518519;12.0768518518518;NA;NA;NA;0
2019-09-08;22.9583333333333;62.7458333333333;24.9625;24.0041666666667;24.025;27.1708333333333;24.8166666666667;29.3166666666667;26.6375;26.1708333333333;27.3541666666667;26.6458333333333;67.9833333333333;72.95;60.725;54.9875;64.4833333333333;34.7541666666667;64.6166666666667;55.8875;49.3875;55.3;1.77962962962963;12.5731481481481;NA;NA;NA;0
2019-09-13;20.525;81.85;22.9583333333333;24.9625;24.0041666666667;24.025;27.1708333333333;24.8166666666667;29.3166666666667;26.6375;26.1708333333333;27.3541666666667;62.7458333333333;67.9833333333333;72.95;60.725;54.9875;64.4833333333333;34.7541666666667;64.6166666666667;55.8875;49.3875;1.92361111111111;12.4981481481481;NA;NA;NA;0
2019-09-18;23.1666666666667;75.6;20.525;22.9583333333333;24.9625;24.0041666666667;24.025;27.1708333333333;24.8166666666667;29.3166666666667;26.6375;26.1708333333333;81.85;62.7458333333333;67.9833333333333;72.95;60.725;54.9875;64.4833333333333;34.7541666666667;64.6166666666667;55.8875;2.0625;13.8986111111111;NA;NA;NA;0
2019-09-28;22.2208333333333;77.2833333333333;23.1666666666667;20.525;22.9583333333333;24.9625;24.0041666666667;24.025;27.1708333333333;24.8166666666667;29.3166666666667;26.6375;75.6;81.85;62.7458333333333;67.9833333333333;72.95;60.725;54.9875;64.4833333333333;34.7541666666667;64.6166666666667;2.30416666666667;13.6231481481481;NA;NA;NA;0
2019-10-03;21.15;45.3041666666667;22.2208333333333;23.1666666666667;20.525;22.9583333333333;24.9625;24.0041666666667;24.025;27.1708333333333;24.8166666666667;29.3166666666667;77.2833333333333;75.6;81.85;62.7458333333333;67.9833333333333;72.95;60.725;54.9875;64.4833333333333;34.7541666666667;2.11157407407407;10.4921296296296;NA;NA;NA;0
2019-10-08;20.8208333333333;71.8541666666667;21.15;22.2208333333333;23.1666666666667;20.525;22.9583333333333;24.9625;24.0041666666667;24.025;27.1708333333333;24.8166666666667;45.3041666666667;77.2833333333333;75.6;81.85;62.7458333333333;67.9833333333333;72.95;60.725;54.9875;64.4833333333333;1.73055555555556;10.7421296296296;NA;NA;NA;0
2019-10-13;20.9791666666667;76.8166666666667;20.8208333333333;21.15;22.2208333333333;23.1666666666667;20.525;22.9583333333333;24.9625;24.0041666666667;24.025;27.1708333333333;71.8541666666667;45.3041666666667;77.2833333333333;75.6;81.85;62.7458333333333;67.9833333333333;72.95;60.725;54.9875;1.50555555555556;12.637037037037;NA;NA;NA;0
2019-10-18;18.2125;53.0625;20.9791666666667;20.8208333333333;21.15;22.2208333333333;23.1666666666667;20.525;22.9583333333333;24.9625;24.0041666666667;24.025;76.8166666666667;71.8541666666667;45.3041666666667;77.2833333333333;75.6;81.85;62.7458333333333;67.9833333333333;72.95;60.725;1.17361111111111;12.5509259259259;NA;NA;NA;0
2019-10-23;13.6416666666667;71.4125;18.2125;20.9791666666667;20.8208333333333;21.15;22.2208333333333;23.1666666666667;20.525;22.9583333333333;24.9625;24.0041666666667;53.0625;76.8166666666667;71.8541666666667;45.3041666666667;77.2833333333333;75.6;81.85;62.7458333333333;67.9833333333333;72.95;1.4787037037037;13.8319444444444;NA;NA;NA;0
2019-11-02;21.5;49.5416666666667;13.6416666666667;18.2125;20.9791666666667;20.8208333333333;21.15;22.2208333333333;23.1666666666667;20.525;22.9583333333333;24.9625;71.4125;53.0625;76.8166666666667;71.8541666666667;45.3041666666667;77.2833333333333;75.6;81.85;62.7458333333333;67.9833333333333;1.88009259259259;15.3189814814815;NA;NA;NA;0
2019-11-07;14.325;54.1125;21.5;13.6416666666667;18.2125;20.9791666666667;20.8208333333333;21.15;22.2208333333333;23.1666666666667;20.525;22.9583333333333;49.5416666666667;71.4125;53.0625;76.8166666666667;71.8541666666667;45.3041666666667;77.2833333333333;75.6;81.85;62.7458333333333;2.53055555555556;17.1671296296296;NA;NA;NA;0
2019-11-12;13.875;42.0416666666667;14.325;21.5;13.6416666666667;18.2125;20.9791666666667;20.8208333333333;21.15;22.2208333333333;23.1666666666667;20.525;54.1125;49.5416666666667;71.4125;53.0625;76.8166666666667;71.8541666666667;45.3041666666667;77.2833333333333;75.6;81.85;3.05740740740741;15.5523148148148;NA;NA;NA;0
2019-11-17;10.9083333333333;50.5125;13.875;14.325;21.5;13.6416666666667;18.2125;20.9791666666667;20.8208333333333;21.15;22.2208333333333;23.1666666666667;42.0416666666667;54.1125;49.5416666666667;71.4125;53.0625;76.8166666666667;71.8541666666667;45.3041666666667;77.2833333333333;75.6;2.81388888888889;16.1990740740741;NA;NA;NA;0
2019-11-27;15.9041666666667;58.325;10.9083333333333;13.875;14.325;21.5;13.6416666666667;18.2125;20.9791666666667;20.8208333333333;21.15;22.2208333333333;50.5125;42.0416666666667;54.1125;49.5416666666667;71.4125;53.0625;76.8166666666667;71.8541666666667;45.3041666666667;77.2833333333333;3.03842592592593;16.9532407407407;NA;NA;NA;0
2019-12-07;11.3875;80.8;15.9041666666667;10.9083333333333;13.875;14.325;21.5;13.6416666666667;18.2125;20.9791666666667;20.8208333333333;21.15;58.325;50.5125;42.0416666666667;54.1125;49.5416666666667;71.4125;53.0625;76.8166666666667;71.8541666666667;45.3041666666667;3.47453703703704;14.2680555555556;NA;NA;NA;0
2019-12-12;11.7;51.5291666666667;11.3875;15.9041666666667;10.9083333333333;13.875;14.325;21.5;13.6416666666667;18.2125;20.9791666666667;20.8208333333333;80.8;58.325;50.5125;42.0416666666667;54.1125;49.5416666666667;71.4125;53.0625;76.8166666666667;71.8541666666667;3.93981481481481;13.8152777777778;NA;NA;NA;0
2019-12-17;11.8333333333333;76.8208333333333;11.7;11.3875;15.9041666666667;10.9083333333333;13.875;14.325;21.5;13.6416666666667;18.2125;20.9791666666667;51.5291666666667;80.8;58.325;50.5125;42.0416666666667;54.1125;49.5416666666667;71.4125;53.0625;76.8166666666667;3.95694444444444;16.5162037037037;NA;NA;NA;0
2019-12-22;17.3708333333333;38.25;11.8333333333333;11.7;11.3875;15.9041666666667;10.9083333333333;13.875;14.325;21.5;13.6416666666667;18.2125;76.8208333333333;51.5291666666667;80.8;58.325;50.5125;42.0416666666667;54.1125;49.5416666666667;71.4125;53.0625;3.66435185185185;16.687037037037;NA;NA;NA;0
2019-12-27;10.6708333333333;80.2583333333333;17.3708333333333;11.8333333333333;11.7;11.3875;15.9041666666667;10.9083333333333;13.875;14.325;21.5;13.6416666666667;38.25;76.8208333333333;51.5291666666667;80.8;58.325;50.5125;42.0416666666667;54.1125;49.5416666666667;71.4125;3.77175925925926;18.9337962962963;NA;NA;NA;0
2020-01-01;8;82.5125;10.6708333333333;17.3708333333333;11.8333333333333;11.7;11.3875;15.9041666666667;10.9083333333333;13.875;14.325;21.5;80.2583333333333;38.25;76.8208333333333;51.5291666666667;80.8;58.325;50.5125;42.0416666666667;54.1125;49.5416666666667;3.64305555555556;21.1712962962963;NA;NA;NA;0
2020-01-06;7.325;79.1625;8;10.6708333333333;17.3708333333333;11.8333333333333;11.7;11.3875;15.9041666666667;10.9083333333333;13.875;14.325;82.5125;80.2583333333333;38.25;76.8208333333333;51.5291666666667;80.8;58.325;50.5125;42.0416666666667;54.1125;3.14259259259259;20.9138888888889;NA;NA;NA;0
2020-01-11;10.45;61.1208333333333;7.325;8;10.6708333333333;17.3708333333333;11.8333333333333;11.7;11.3875;15.9041666666667;10.9083333333333;13.875;79.1625;82.5125;80.2583333333333;38.25;76.8208333333333;51.5291666666667;80.8;58.325;50.5125;42.0416666666667;3.16759259259259;19.9449074074074;NA;NA;NA;0
2020-01-16;10.15;57.0916666666667;10.45;7.325;8;10.6708333333333;17.3708333333333;11.8333333333333;11.7;11.3875;15.9041666666667;10.9083333333333;61.1208333333333;79.1625;82.5125;80.2583333333333;38.25;76.8208333333333;51.5291666666667;80.8;58.325;50.5125;3.18518518518519;21.0083333333333;NA;NA;NA;0
2020-01-21;8.91666666666667;85.7875;10.15;10.45;7.325;8;10.6708333333333;17.3708333333333;11.8333333333333;11.7;11.3875;15.9041666666667;57.0916666666667;61.1208333333333;79.1625;82.5125;80.2583333333333;38.25;76.8208333333333;51.5291666666667;80.8;58.325;2.66342592592593;20.587962962963;NA;NA;NA;0
2020-01-26;10.45;78.4333333333333;8.91666666666667;10.15;10.45;7.325;8;10.6708333333333;17.3708333333333;11.8333333333333;11.7;11.3875;85.7875;57.0916666666667;61.1208333333333;79.1625;82.5125;80.2583333333333;38.25;76.8208333333333;51.5291666666667;80.8;2.29861111111111;21.2791666666667;NA;NA;NA;0
2020-01-31;14.15;65.2708333333333;10.45;8.91666666666667;10.15;10.45;7.325;8;10.6708333333333;17.3708333333333;11.8333333333333;11.7;78.4333333333333;85.7875;57.0916666666667;61.1208333333333;79.1625;82.5125;80.2583333333333;38.25;76.8208333333333;51.5291666666667;2.43425925925926;18.8439814814815;NA;NA;NA;0
2020-02-10;12.5708333333333;70.5291666666667;14.15;10.45;8.91666666666667;10.15;10.45;7.325;8;10.6708333333333;17.3708333333333;11.8333333333333;65.2708333333333;78.4333333333333;85.7875;57.0916666666667;61.1208333333333;79.1625;82.5125;80.2583333333333;38.25;76.8208333333333;2.83055555555556;17.4962962962963;NA;NA;NA;0
2020-02-15;11.6166666666667;78.4041666666667;12.5708333333333;14.15;10.45;8.91666666666667;10.15;10.45;7.325;8;10.6708333333333;17.3708333333333;70.5291666666667;65.2708333333333;78.4333333333333;85.7875;57.0916666666667;61.1208333333333;79.1625;82.5125;80.2583333333333;38.25;2.39074074074074;13.7949074074074;NA;NA;NA;0
2020-02-20;10.0625;80.675;11.6166666666667;12.5708333333333;14.15;10.45;8.91666666666667;10.15;10.45;7.325;8;10.6708333333333;78.4041666666667;70.5291666666667;65.2708333333333;78.4333333333333;85.7875;57.0916666666667;61.1208333333333;79.1625;82.5125;80.2583333333333;1.75231481481481;10.0023148148148;NA;NA;NA;0
2020-02-25;14.9208333333333;47.6416666666667;10.0625;11.6166666666667;12.5708333333333;14.15;10.45;8.91666666666667;10.15;10.45;7.325;8;80.675;78.4041666666667;70.5291666666667;65.2708333333333;78.4333333333333;85.7875;57.0916666666667;61.1208333333333;79.1625;82.5125;1.62824074074074;10.0041666666667;NA;NA;NA;0
2020-03-01;16.8541666666667;51.3041666666667;14.9208333333333;10.0625;11.6166666666667;12.5708333333333;14.15;10.45;8.91666666666667;10.15;10.45;7.325;47.6416666666667;80.675;78.4041666666667;70.5291666666667;65.2708333333333;78.4333333333333;85.7875;57.0916666666667;61.1208333333333;79.1625;2.09305555555556;13.3023148148148;NA;NA;NA;0
2020-03-06;14.2416666666667;34.6916666666667;16.8541666666667;14.9208333333333;10.0625;11.6166666666667;12.5708333333333;14.15;10.45;8.91666666666667;10.15;10.45;51.3041666666667;47.6416666666667;80.675;78.4041666666667;70.5291666666667;65.2708333333333;78.4333333333333;85.7875;57.0916666666667;61.1208333333333;1.96064814814815;11.7046296296296;NA;NA;NA;0
2020-03-11;17.0958333333333;54.0875;14.2416666666667;16.8541666666667;14.9208333333333;10.0625;11.6166666666667;12.5708333333333;14.15;10.45;8.91666666666667;10.15;34.6916666666667;51.3041666666667;47.6416666666667;80.675;78.4041666666667;70.5291666666667;65.2708333333333;78.4333333333333;85.7875;57.0916666666667;2.21759259259259;13.1027777777778;NA;NA;NA;0
2020-03-16;12.1625;77.7458333333333;17.0958333333333;14.2416666666667;16.8541666666667;14.9208333333333;10.0625;11.6166666666667;12.5708333333333;14.15;10.45;8.91666666666667;54.0875;34.6916666666667;51.3041666666667;47.6416666666667;80.675;78.4041666666667;70.5291666666667;65.2708333333333;78.4333333333333;85.7875;2.39768518518519;12.0694444444444;NA;NA;NA;0
2020-03-26;12.0416666666667;74.5333333333333;12.1625;17.0958333333333;14.2416666666667;16.8541666666667;14.9208333333333;10.0625;11.6166666666667;12.5708333333333;14.15;10.45;77.7458333333333;54.0875;34.6916666666667;51.3041666666667;47.6416666666667;80.675;78.4041666666667;70.5291666666667;65.2708333333333;78.4333333333333;2.77546296296296;13.8810185185185;NA;NA;NA;0
2020-04-05;13.2708333333333;75.0958333333333;12.0416666666667;12.1625;17.0958333333333;14.2416666666667;16.8541666666667;14.9208333333333;10.0625;11.6166666666667;12.5708333333333;14.15;74.5333333333333;77.7458333333333;54.0875;34.6916666666667;51.3041666666667;47.6416666666667;80.675;78.4041666666667;70.5291666666667;65.2708333333333;2.37777777777778;12.775462962963;NA;NA;NA;0
2020-04-10;15.15;59.5833333333333;13.2708333333333;12.0416666666667;12.1625;17.0958333333333;14.2416666666667;16.8541666666667;14.9208333333333;10.0625;11.6166666666667;12.5708333333333;75.0958333333333;74.5333333333333;77.7458333333333;54.0875;34.6916666666667;51.3041666666667;47.6416666666667;80.675;78.4041666666667;70.5291666666667;2.33888888888889;12.2537037037037;NA;NA;NA;0
2020-04-15;15.4708333333333;84.9041666666667;15.15;13.2708333333333;12.0416666666667;12.1625;17.0958333333333;14.2416666666667;16.8541666666667;14.9208333333333;10.0625;11.6166666666667;59.5833333333333;75.0958333333333;74.5333333333333;77.7458333333333;54.0875;34.6916666666667;51.3041666666667;47.6416666666667;80.675;78.4041666666667;2.44166666666667;13.1023148148148;NA;NA;NA;0
2020-04-20;17.3541666666667;57.4708333333333;15.4708333333333;15.15;13.2708333333333;12.0416666666667;12.1625;17.0958333333333;14.2416666666667;16.8541666666667;14.9208333333333;10.0625;84.9041666666667;59.5833333333333;75.0958333333333;74.5333333333333;77.7458333333333;54.0875;34.6916666666667;51.3041666666667;47.6416666666667;80.675;2.30462962962963;15.6634259259259;NA;NA;NA;0
2020-04-30;13.8714285714286;71.4714285714286;17.3541666666667;15.4708333333333;15.15;13.2708333333333;12.0416666666667;12.1625;17.0958333333333;14.2416666666667;16.8541666666667;14.9208333333333;57.4708333333333;84.9041666666667;59.5833333333333;75.0958333333333;74.5333333333333;77.7458333333333;54.0875;34.6916666666667;51.3041666666667;47.6416666666667;1.97407407407407;15.0412037037037;NA;NA;NA;0
2020-05-15;15.8166666666667;74.6833333333333;13.8714285714286;17.3541666666667;15.4708333333333;15.15;13.2708333333333;12.0416666666667;12.1625;17.0958333333333;14.2416666666667;16.8541666666667;71.4714285714286;57.4708333333333;84.9041666666667;59.5833333333333;75.0958333333333;74.5333333333333;77.7458333333333;54.0875;34.6916666666667;51.3041666666667;2.14623015873016;16.189880952381;NA;NA;NA;0
2020-05-20;23.5375;49.3208333333333;15.8166666666667;13.8714285714286;17.3541666666667;15.4708333333333;15.15;13.2708333333333;12.0416666666667;12.1625;17.0958333333333;14.2416666666667;74.6833333333333;71.4714285714286;57.4708333333333;84.9041666666667;59.5833333333333;75.0958333333333;74.5333333333333;77.7458333333333;54.0875;34.6916666666667;2.07208994708995;14.7009259259259;NA;NA;NA;0
2020-05-25;20.0666666666667;53.5958333333333;23.5375;15.8166666666667;13.8714285714286;17.3541666666667;15.4708333333333;15.15;13.2708333333333;12.0416666666667;12.1625;17.0958333333333;49.3208333333333;74.6833333333333;71.4714285714286;57.4708333333333;84.9041666666667;59.5833333333333;75.0958333333333;74.5333333333333;77.7458333333333;54.0875;2.61283068783069;15.3638888888889;NA;NA;NA;0
2020-05-30;19.5708333333333;49.8125;20.0666666666667;23.5375;15.8166666666667;13.8714285714286;17.3541666666667;15.4708333333333;15.15;13.2708333333333;12.0416666666667;12.1625;53.5958333333333;49.3208333333333;74.6833333333333;71.4714285714286;57.4708333333333;84.9041666666667;59.5833333333333;75.0958333333333;74.5333333333333;77.7458333333333;2.45033068783069;13.2101851851852;NA;NA;NA;0
2020-06-04;24.3708333333333;47.3666666666667;19.5708333333333;20.0666666666667;23.5375;15.8166666666667;13.8714285714286;17.3541666666667;15.4708333333333;15.15;13.2708333333333;12.0416666666667;49.8125;53.5958333333333;49.3208333333333;74.6833333333333;71.4714285714286;57.4708333333333;84.9041666666667;59.5833333333333;75.0958333333333;74.5333333333333;2.49199735449735;13.2736111111111;NA;NA;NA;0
2020-06-09;19.3125;72.9166666666667;24.3708333333333;19.5708333333333;20.0666666666667;23.5375;15.8166666666667;13.8714285714286;17.3541666666667;15.4708333333333;15.15;13.2708333333333;47.3666666666667;49.8125;53.5958333333333;49.3208333333333;74.6833333333333;71.4714285714286;57.4708333333333;84.9041666666667;59.5833333333333;75.0958333333333;2.88875661375661;13.4828703703704;NA;NA;NA;0
2020-06-14;21.6;41.7541666666667;19.3125;24.3708333333333;19.5708333333333;20.0666666666667;23.5375;15.8166666666667;13.8714285714286;17.3541666666667;15.4708333333333;15.15;72.9166666666667;47.3666666666667;49.8125;53.5958333333333;49.3208333333333;74.6833333333333;71.4714285714286;57.4708333333333;84.9041666666667;59.5833333333333;3.24199735449735;14.5981481481481;NA;NA;NA;0
2020-06-19;22.3666666666667;65.8125;21.6;19.3125;24.3708333333333;19.5708333333333;20.0666666666667;23.5375;15.8166666666667;13.8714285714286;17.3541666666667;15.4708333333333;41.7541666666667;72.9166666666667;47.3666666666667;49.8125;53.5958333333333;49.3208333333333;74.6833333333333;71.4714285714286;57.4708333333333;84.9041666666667;3.46051587301587;15.2472222222222;NA;NA;NA;0
2020-06-29;24.9916666666667;57.2041666666667;22.3666666666667;21.6;19.3125;24.3708333333333;19.5708333333333;20.0666666666667;23.5375;15.8166666666667;13.8714285714286;17.3541666666667;65.8125;41.7541666666667;72.9166666666667;47.3666666666667;49.8125;53.5958333333333;49.3208333333333;74.6833333333333;71.4714285714286;57.4708333333333;3.3364417989418;14.8722222222222;NA;NA;NA;0
2020-07-04;25.2208333333333;66.6666666666667;24.9916666666667;22.3666666666667;21.6;19.3125;24.3708333333333;19.5708333333333;20.0666666666667;23.5375;15.8166666666667;13.8714285714286;57.2041666666667;65.8125;41.7541666666667;72.9166666666667;47.3666666666667;49.8125;53.5958333333333;49.3208333333333;74.6833333333333;71.4714285714286;3.24113756613757;14.273082010582;NA;NA;NA;0
2020-07-09;25.6125;55.4541666666667;25.2208333333333;24.9916666666667;22.3666666666667;21.6;19.3125;24.3708333333333;19.5708333333333;20.0666666666667;23.5375;15.8166666666667;66.6666666666667;57.2041666666667;65.8125;41.7541666666667;72.9166666666667;47.3666666666667;49.8125;53.5958333333333;49.3208333333333;74.6833333333333;3.05046296296296;14.9675925925926;NA;NA;NA;0
2020-07-19;25.1208333333333;60.4833333333333;25.6125;25.2208333333333;24.9916666666667;22.3666666666667;21.6;19.3125;24.3708333333333;19.5708333333333;20.0666666666667;23.5375;55.4541666666667;66.6666666666667;57.2041666666667;65.8125;41.7541666666667;72.9166666666667;47.3666666666667;49.8125;53.5958333333333;49.3208333333333;2.23611111111111;13.3953703703704;NA;NA;NA;0
2020-07-24;26.0791666666667;57.8458333333333;25.1208333333333;25.6125;25.2208333333333;24.9916666666667;22.3666666666667;21.6;19.3125;24.3708333333333;19.5708333333333;20.0666666666667;60.4833333333333;55.4541666666667;66.6666666666667;57.2041666666667;65.8125;41.7541666666667;72.9166666666667;47.3666666666667;49.8125;53.5958333333333;1.90509259259259;13.4791666666667;NA;NA;NA;0
2020-07-29;27.2083333333333;61.0791666666667;26.0791666666667;25.1208333333333;25.6125;25.2208333333333;24.9916666666667;22.3666666666667;21.6;19.3125;24.3708333333333;19.5708333333333;57.8458333333333;60.4833333333333;55.4541666666667;66.6666666666667;57.2041666666667;65.8125;41.7541666666667;72.9166666666667;47.3666666666667;49.8125;1.95648148148148;13.3518518518519;NA;NA;NA;0
2020-08-03;27.2916666666667;67.7208333333333;27.2083333333333;26.0791666666667;25.1208333333333;25.6125;25.2208333333333;24.9916666666667;22.3666666666667;21.6;19.3125;24.3708333333333;61.0791666666667;57.8458333333333;60.4833333333333;55.4541666666667;66.6666666666667;57.2041666666667;65.8125;41.7541666666667;72.9166666666667;47.3666666666667;1.54861111111111;13.4393518518519;NA;NA;NA;0
2020-08-08;26.9416666666667;48.1583333333333;27.2916666666667;27.2083333333333;26.0791666666667;25.1208333333333;25.6125;25.2208333333333;24.9916666666667;22.3666666666667;21.6;19.3125;67.7208333333333;61.0791666666667;57.8458333333333;60.4833333333333;55.4541666666667;66.6666666666667;57.2041666666667;65.8125;41.7541666666667;72.9166666666667;0.995833333333334;11.3384259259259;NA;NA;NA;0
2020-08-13;26.4083333333333;51.5666666666667;26.9416666666667;27.2916666666667;27.2083333333333;26.0791666666667;25.1208333333333;25.6125;25.2208333333333;24.9916666666667;22.3666666666667;21.6;48.1583333333333;67.7208333333333;61.0791666666667;57.8458333333333;60.4833333333333;55.4541666666667;66.6666666666667;57.2041666666667;65.8125;41.7541666666667;0.780555555555556;10.049537037037;NA;NA;NA;0
2020-08-18;26.3625;39.4166666666667;26.4083333333333;26.9416666666667;27.2916666666667;27.2083333333333;26.0791666666667;25.1208333333333;25.6125;25.2208333333333;24.9916666666667;22.3666666666667;51.5666666666667;48.1583333333333;67.7208333333333;61.0791666666667;57.8458333333333;60.4833333333333;55.4541666666667;66.6666666666667;57.2041666666667;65.8125;0.75462962962963;7.75509259259259;NA;NA;NA;0
2020-08-23;26.8666666666667;69.1833333333333;26.3625;26.4083333333333;26.9416666666667;27.2916666666667;27.2083333333333;26.0791666666667;25.1208333333333;25.6125;25.2208333333333;24.9916666666667;39.4166666666667;51.5666666666667;48.1583333333333;67.7208333333333;61.0791666666667;57.8458333333333;60.4833333333333;55.4541666666667;66.6666666666667;57.2041666666667;0.468055555555556;8.14861111111111;NA;NA;NA;0
2020-08-28;25.5916666666667;61.7416666666667;26.8666666666667;26.3625;26.4083333333333;26.9416666666667;27.2916666666667;27.2083333333333;26.0791666666667;25.1208333333333;25.6125;25.2208333333333;69.1833333333333;39.4166666666667;51.5666666666667;48.1583333333333;67.7208333333333;61.0791666666667;57.8458333333333;60.4833333333333;55.4541666666667;66.6666666666667;0.498611111111112;10.4046296296296;NA;NA;NA;0
2020-09-02;22.675;63.0541666666667;25.5916666666667;26.8666666666667;26.3625;26.4083333333333;26.9416666666667;27.2916666666667;27.2083333333333;26.0791666666667;25.1208333333333;25.6125;61.7416666666667;69.1833333333333;39.4166666666667;51.5666666666667;48.1583333333333;67.7208333333333;61.0791666666667;57.8458333333333;60.4833333333333;55.4541666666667;0.59675925925926;9.98564814814815;NA;NA;NA;0
2020-09-07;22.6208333333333;70.4875;22.675;25.5916666666667;26.8666666666667;26.3625;26.4083333333333;26.9416666666667;27.2916666666667;27.2083333333333;26.0791666666667;25.1208333333333;63.0541666666667;61.7416666666667;69.1833333333333;39.4166666666667;51.5666666666667;48.1583333333333;67.7208333333333;61.0791666666667;57.8458333333333;60.4833333333333;0.866203703703704;9.57268518518519;NA;NA;NA;0
2020-09-12;23.3541666666667;55;22.6208333333333;22.675;25.5916666666667;26.8666666666667;26.3625;26.4083333333333;26.9416666666667;27.2916666666667;27.2083333333333;26.0791666666667;70.4875;63.0541666666667;61.7416666666667;69.1833333333333;39.4166666666667;51.5666666666667;48.1583333333333;67.7208333333333;61.0791666666667;57.8458333333333;0.765740740740741;10.1055555555556;NA;NA;NA;0
2020-09-17;24.1375;74.5833333333333;23.3541666666667;22.6208333333333;22.675;25.5916666666667;26.8666666666667;26.3625;26.4083333333333;26.9416666666667;27.2916666666667;27.2083333333333;55;70.4875;63.0541666666667;61.7416666666667;69.1833333333333;39.4166666666667;51.5666666666667;48.1583333333333;67.7208333333333;61.0791666666667;0.72175925925926;11.4671296296296;NA;NA;NA;0
2020-09-22;22.0958333333333;59.8208333333333;24.1375;23.3541666666667;22.6208333333333;22.675;25.5916666666667;26.8666666666667;26.3625;26.4083333333333;26.9416666666667;27.2916666666667;74.5833333333333;55;70.4875;63.0541666666667;61.7416666666667;69.1833333333333;39.4166666666667;51.5666666666667;48.1583333333333;67.7208333333333;0.799537037037037;12.9050925925926;NA;NA;NA;0
2020-09-27;20.4333333333333;48.6166666666667;22.0958333333333;24.1375;23.3541666666667;22.6208333333333;22.675;25.5916666666667;26.8666666666667;26.3625;26.4083333333333;26.9416666666667;59.8208333333333;74.5833333333333;55;70.4875;63.0541666666667;61.7416666666667;69.1833333333333;39.4166666666667;51.5666666666667;48.1583333333333;0.987499999999999;12.3717592592593;NA;NA;NA;0
2020-10-07;21.6708333333333;45.0541666666667;20.4333333333333;22.0958333333333;24.1375;23.3541666666667;22.6208333333333;22.675;25.5916666666667;26.8666666666667;26.3625;26.4083333333333;48.6166666666667;59.8208333333333;74.5833333333333;55;70.4875;63.0541666666667;61.7416666666667;69.1833333333333;39.4166666666667;51.5666666666667;1.11296296296296;13.237962962963;NA;NA;NA;0
2020-10-12;15.8625;47.3666666666667;21.6708333333333;20.4333333333333;22.0958333333333;24.1375;23.3541666666667;22.6208333333333;22.675;25.5916666666667;26.8666666666667;26.3625;45.0541666666667;48.6166666666667;59.8208333333333;74.5833333333333;55;70.4875;63.0541666666667;61.7416666666667;69.1833333333333;39.4166666666667;1.24537037037037;12.2837962962963;NA;NA;NA;0
2020-10-17;14.8583333333333;61.8458333333333;15.8625;21.6708333333333;20.4333333333333;22.0958333333333;24.1375;23.3541666666667;22.6208333333333;22.675;25.5916666666667;26.8666666666667;47.3666666666667;45.0541666666667;48.6166666666667;59.8208333333333;74.5833333333333;55;70.4875;63.0541666666667;61.7416666666667;69.1833333333333;1.83472222222222;9.23333333333333;NA;NA;NA;0
2020-10-27;13.825;52.5541666666667;14.8583333333333;15.8625;21.6708333333333;20.4333333333333;22.0958333333333;24.1375;23.3541666666667;22.6208333333333;22.675;25.5916666666667;61.8458333333333;47.3666666666667;45.0541666666667;48.6166666666667;59.8208333333333;74.5833333333333;55;70.4875;63.0541666666667;61.7416666666667;1.80462962962963;10.0152777777778;NA;NA;NA;0
2020-11-01;16.3;68.8291666666667;13.825;14.8583333333333;15.8625;21.6708333333333;20.4333333333333;22.0958333333333;24.1375;23.3541666666667;22.6208333333333;22.675;52.5541666666667;61.8458333333333;47.3666666666667;45.0541666666667;48.6166666666667;59.8208333333333;74.5833333333333;55;70.4875;63.0541666666667;1.59537037037037;10.9018518518519;NA;NA;NA;0
2020-11-06;18.4541666666667;77.3333333333333;16.3;13.825;14.8583333333333;15.8625;21.6708333333333;20.4333333333333;22.0958333333333;24.1375;23.3541666666667;22.6208333333333;68.8291666666667;52.5541666666667;61.8458333333333;47.3666666666667;45.0541666666667;48.6166666666667;59.8208333333333;74.5833333333333;55;70.4875;1.86435185185185;11.8842592592593;NA;NA;NA;0
2020-11-11;14.1166666666667;82.2166666666667;18.4541666666667;16.3;13.825;14.8583333333333;15.8625;21.6708333333333;20.4333333333333;22.0958333333333;24.1375;23.3541666666667;77.3333333333333;68.8291666666667;52.5541666666667;61.8458333333333;47.3666666666667;45.0541666666667;48.6166666666667;59.8208333333333;74.5833333333333;55;2.02222222222222;11.1083333333333;NA;NA;NA;0
2020-11-16;18.8041666666667;69.4916666666667;14.1166666666667;18.4541666666667;16.3;13.825;14.8583333333333;15.8625;21.6708333333333;20.4333333333333;22.0958333333333;24.1375;82.2166666666667;77.3333333333333;68.8291666666667;52.5541666666667;61.8458333333333;47.3666666666667;45.0541666666667;48.6166666666667;59.8208333333333;74.5833333333333;2.41712962962963;9.475;NA;NA;NA;0
2020-11-21;12.9875;70.2291666666667;18.8041666666667;14.1166666666667;18.4541666666667;16.3;13.825;14.8583333333333;15.8625;21.6708333333333;20.4333333333333;22.0958333333333;69.4916666666667;82.2166666666667;77.3333333333333;68.8291666666667;52.5541666666667;61.8458333333333;47.3666666666667;45.0541666666667;48.6166666666667;59.8208333333333;2.71111111111111;9.24861111111111;NA;NA;NA;0
2020-11-26;14.65;75.9583333333333;12.9875;18.8041666666667;14.1166666666667;18.4541666666667;16.3;13.825;14.8583333333333;15.8625;21.6708333333333;20.4333333333333;70.2291666666667;69.4916666666667;82.2166666666667;77.3333333333333;68.8291666666667;52.5541666666667;61.8458333333333;47.3666666666667;45.0541666666667;48.6166666666667;3.17268518518519;8.08564814814815;NA;NA;NA;0
2020-12-01;13.5;76.1875;14.65;12.9875;18.8041666666667;14.1166666666667;18.4541666666667;16.3;13.825;14.8583333333333;15.8625;21.6708333333333;75.9583333333333;70.2291666666667;69.4916666666667;82.2166666666667;77.3333333333333;68.8291666666667;52.5541666666667;61.8458333333333;47.3666666666667;45.0541666666667;3.21990740740741;8.32638888888889;NA;NA;NA;0
2020-12-06;9.72916666666667;44.2708333333333;13.5;14.65;12.9875;18.8041666666667;14.1166666666667;18.4541666666667;16.3;13.825;14.8583333333333;15.8625;76.1875;75.9583333333333;70.2291666666667;69.4916666666667;82.2166666666667;77.3333333333333;68.8291666666667;52.5541666666667;61.8458333333333;47.3666666666667;2.70231481481481;8.09490740740741;NA;NA;NA;0
2020-12-16;10.3666666666667;72.8458333333333;9.72916666666667;13.5;14.65;12.9875;18.8041666666667;14.1166666666667;18.4541666666667;16.3;13.825;14.8583333333333;44.2708333333333;76.1875;75.9583333333333;70.2291666666667;69.4916666666667;82.2166666666667;77.3333333333333;68.8291666666667;52.5541666666667;61.8458333333333;3.00972222222222;10.0324074074074;NA;NA;NA;0
2020-12-21;11.3833333333333;67.0458333333333;10.3666666666667;9.72916666666667;13.5;14.65;12.9875;18.8041666666667;14.1166666666667;18.4541666666667;16.3;13.825;72.8458333333333;44.2708333333333;76.1875;75.9583333333333;70.2291666666667;69.4916666666667;82.2166666666667;77.3333333333333;68.8291666666667;52.5541666666667;2.96574074074074;12.175;NA;NA;NA;0
2020-12-26;6.4125;38.1125;11.3833333333333;10.3666666666667;9.72916666666667;13.5;14.65;12.9875;18.8041666666667;14.1166666666667;18.4541666666667;16.3;67.0458333333333;72.8458333333333;44.2708333333333;76.1875;75.9583333333333;70.2291666666667;69.4916666666667;82.2166666666667;77.3333333333333;68.8291666666667;2.8037037037037;11.0111111111111;NA;NA;NA;0
2020-12-31;6.90416666666667;52.4166666666667;6.4125;11.3833333333333;10.3666666666667;9.72916666666667;13.5;14.65;12.9875;18.8041666666667;14.1166666666667;18.4541666666667;38.1125;67.0458333333333;72.8458333333333;44.2708333333333;76.1875;75.9583333333333;70.2291666666667;69.4916666666667;82.2166666666667;77.3333333333333;3.11666666666667;13.2810185185185;NA;NA;NA;0
2021-01-05;5.68333333333333;51.9416666666667;6.90416666666667;6.4125;11.3833333333333;10.3666666666667;9.72916666666667;13.5;14.65;12.9875;18.8041666666667;14.1166666666667;52.4166666666667;38.1125;67.0458333333333;72.8458333333333;44.2708333333333;76.1875;75.9583333333333;70.2291666666667;69.4916666666667;82.2166666666667;2.68935185185185;14.3277777777778;NA;NA;NA;0
2021-01-10;6.62083333333333;80.2666666666667;5.68333333333333;6.90416666666667;6.4125;11.3833333333333;10.3666666666667;9.72916666666667;13.5;14.65;12.9875;18.8041666666667;51.9416666666667;52.4166666666667;38.1125;67.0458333333333;72.8458333333333;44.2708333333333;76.1875;75.9583333333333;70.2291666666667;69.4916666666667;2.30416666666667;12.9666666666667;NA;NA;NA;0
2021-01-15;11.8625;37.1;6.62083333333333;5.68333333333333;6.90416666666667;6.4125;11.3833333333333;10.3666666666667;9.72916666666667;13.5;14.65;12.9875;80.2666666666667;51.9416666666667;52.4166666666667;38.1125;67.0458333333333;72.8458333333333;44.2708333333333;76.1875;75.9583333333333;70.2291666666667;1.76203703703704;16.0319444444444;NA;NA;NA;0
2021-01-25;15.6208333333333;52.35;11.8625;6.62083333333333;5.68333333333333;6.90416666666667;6.4125;11.3833333333333;10.3666666666667;9.72916666666667;13.5;14.65;37.1;80.2666666666667;51.9416666666667;52.4166666666667;38.1125;67.0458333333333;72.8458333333333;44.2708333333333;76.1875;75.9583333333333;2.15972222222222;20.1916666666667;NA;NA;NA;0
2021-02-04;11.9916666666667;73.7541666666667;15.6208333333333;11.8625;6.62083333333333;5.68333333333333;6.90416666666667;6.4125;11.3833333333333;10.3666666666667;9.72916666666667;13.5;52.35;37.1;80.2666666666667;51.9416666666667;52.4166666666667;38.1125;67.0458333333333;72.8458333333333;44.2708333333333;76.1875;2.44953703703704;21.8606481481481;NA;NA;NA;0
2021-02-14;12.225;66.625;11.9916666666667;15.6208333333333;11.8625;6.62083333333333;5.68333333333333;6.90416666666667;6.4125;11.3833333333333;10.3666666666667;9.72916666666667;73.7541666666667;52.35;37.1;80.2666666666667;51.9416666666667;52.4166666666667;38.1125;67.0458333333333;72.8458333333333;44.2708333333333;2.4337962962963;20.6925925925926;NA;NA;NA;0
2021-02-19;10.7958333333333;77.7916666666667;12.225;11.9916666666667;15.6208333333333;11.8625;6.62083333333333;5.68333333333333;6.90416666666667;6.4125;11.3833333333333;10.3666666666667;66.625;73.7541666666667;52.35;37.1;80.2666666666667;51.9416666666667;52.4166666666667;38.1125;67.0458333333333;72.8458333333333;2.38888888888889;18.3097222222222;NA;NA;NA;0
2021-02-24;12.825;73.1916666666667;10.7958333333333;12.225;11.9916666666667;15.6208333333333;11.8625;6.62083333333333;5.68333333333333;6.90416666666667;6.4125;11.3833333333333;77.7916666666667;66.625;73.7541666666667;52.35;37.1;80.2666666666667;51.9416666666667;52.4166666666667;38.1125;67.0458333333333;2.43472222222222;18.9060185185185;NA;NA;NA;0
2021-03-11;12.3125;74.4458333333333;12.825;10.7958333333333;12.225;11.9916666666667;15.6208333333333;11.8625;6.62083333333333;5.68333333333333;6.90416666666667;6.4125;73.1916666666667;77.7916666666667;66.625;73.7541666666667;52.35;37.1;80.2666666666667;51.9416666666667;52.4166666666667;38.1125;2.10787037037037;16.2023148148148;NA;NA;NA;0
2021-03-16;11.375;74.8291666666667;12.3125;12.825;10.7958333333333;12.225;11.9916666666667;15.6208333333333;11.8625;6.62083333333333;5.68333333333333;6.90416666666667;74.4458333333333;73.1916666666667;77.7916666666667;66.625;73.7541666666667;52.35;37.1;80.2666666666667;51.9416666666667;52.4166666666667;2.11018518518518;14.7523148148148;NA;NA;NA;0
2021-03-21;8.9;60.125;11.375;12.3125;12.825;10.7958333333333;12.225;11.9916666666667;15.6208333333333;11.8625;6.62083333333333;5.68333333333333;74.8291666666667;74.4458333333333;73.1916666666667;77.7916666666667;66.625;73.7541666666667;52.35;37.1;80.2666666666667;51.9416666666667;2.0787037037037;14.7421296296296;NA;NA;NA;0
2021-03-26;14.3;67.8708333333333;8.9;11.375;12.3125;12.825;10.7958333333333;12.225;11.9916666666667;15.6208333333333;11.8625;6.62083333333333;60.125;74.8291666666667;74.4458333333333;73.1916666666667;77.7916666666667;66.625;73.7541666666667;52.35;37.1;80.2666666666667;2.24953703703704;13.2287037037037;NA;NA;NA;0
2021-03-31;13.4666666666667;66.8166666666667;14.3;8.9;11.375;12.3125;12.825;10.7958333333333;12.225;11.9916666666667;15.6208333333333;11.8625;67.8708333333333;60.125;74.8291666666667;74.4458333333333;73.1916666666667;77.7916666666667;66.625;73.7541666666667;52.35;37.1;2.26712962962963;9.29305555555556;NA;NA;NA;0
