"ID_Real","ID_False"
"2182698",1
"2182749",2
"2182731",3
"2182694",4
"2182747",5
"2182817",6
"2124062",7
"2123625",8
"2182725",9
"2182712",10
"2191672",11
"2214412",12
"2210121",13
"2182998",14
"2182960",15
"2209882",16
"2213606",17
"2183123",18
"2127186",19
"2183064",20
"2183177",21
"2183197",22
"2188247",23
"2183205",24
"2183206",25
"2183319",26
"2183293",27
"2183260",28
"2183342",29
"2183333",30
"2187850",31
"2183457",32
"2183384",33
"2183362",34
"2183373",35
"2183481",36
"2183482",37
"2183491",38
"2183376",39
"2183432",40
"2183511",41
"2183516",42
"2183412",43
"2183365",44
"2183460",45
"2191720",46
"2212483",47
"2206955",48
"2186849",49
"2183641",50
"2196059",51
"2201657",52
"2183895",53
"2183896",54
"2183839",55
"2183883",56
"2183928",57
"2183939",58
"2196926",59
"2196927",60
"2196928",61
"2196929",62
"2183693",63
"2183743",64
"2190471",65
"2199132",66
"2213193",67
"2183800",68
"2183792",69
"2183785",70
"2212327",71
"2212477",72
"2184103",73
"2184113",74
"2184118",75
"2184106",76
"2199167",77
"2207317",78
"2209517",79
"2213937",80
"2184800",81
"2184755",82
"2184773",83
"2184774",84
"2198441",85
"2197043",86
"2201781",87
"2185186",88
"2185152",89
"2190009",90
"2184169",91
"2184182",92
"2184174",93
"2184170",94
"2184190",95
"2198239",96
"2198797",97
"2184207",98
"2184203",99
"2206971",100
"2184244",101
"2184266",102
"2184226",103
"2184220",104
"2194322",105
"2184311",106
"2184290",107
"2184303",108
"2184318",109
"2184323",110
"2184321",111
"2208786",112
"2184394",113
"2206763",114
"2146902",115
"2182541",116
"2182649",117
"2182661",118
"2182691",119
"2182573",120
"2182574",121
"2182684",122
"2182633",123
"2122863",124
"2189012",125
"2198234",126
"2186786",127
"2183127",128
"2213790",129
"2213938",130
"2184655",131
"2184628",132
"2184642",133
"2184664",134
"2184653",135
"2214413",136
"2184469",137
"2212752",138
"2184414",139
"2184406",140
"2184419",141
"2184415",142
"2184416",143
"2184434",144
"2184408",145
"2191239",146
"2183999",147
"2183953",148
"2183980",149
"2184497",150
"2184515",151
"2184503",152
"2184498",153
"2184518",154
"2184516",155
"2184525",156
"2191622",157
"2185284",158
"2185288",159
"2183109",160
"2184553",161
"2184528",162
"2191853",163
"2195960",164
"2212811",165
"2213903",166
"2181296",167
"2181256",168
"2181195",169
"2181179",170
"2181272",171
"2181298",172
"2181241",173
"2181148",174
"2181149",175
"2181150",176
"2181307",177
"2181252",178
"2181146",179
"2111920",180
"2182478",181
"2120205",182
"2182480",183
"2182482",184
"2182484",185
"2186537",186
"2186634",187
"2186636",188
"2186515",189
"2186518",190
"2186678",191
"2186612",192
"2186460",193
"2186641",194
"2198609",195
"2181589",196
"2181598",197
"2181599",198
"2181602",199
"2181557",200
"2200126",201
"2214421",202
"2181397",203
"2181398",204
"2181464",205
"2181465",206
"2181475",207
"2186332",208
"2181631",209
"2181647",210
"2181649",211
"2181650",212
"2181660",213
"2181653",214
"2182299",215
"2182304",216
"2182315",217
"2181743",218
"2181746",219
"2181748",220
"2181749",221
"2181750",222
"2181751",223
"2181752",224
"2181735",225
"2181737",226
"2182007",227
"2182014",228
"2182008",229
"2181699",230
"2181712",231
"2200261",232
"2213902",233
"2191976",234
"2181873",235
"2194547",236
"2193920",237
"2181945",238
"2181343",239
"2181951",240
"2181994",241
"2192536",242
"2195747",243
"2181931",244
"2182320",245
"2202698",246
"2182175",247
"2182173",248
"2182402",249
"2182336",250
"2182378",251
"2182054",252
"2195985",253
"2210279",254
"2188370",255
"2181840",256
"2182077",257
"2181370",258
"2182078",259
"2181843",260
"2182135",261
"2181839",262
"2181943",263
"2182112",264
"2181360",265
"2181842",266
"2191846",267
"2181909",268
"2181915",269
"2182163",270
"2182164",271
"2182145",272
"2182146",273
"2212738",274
"2150268",275
"2184605",276
"2211589",277
"2202708",278
"2185131",279
"2185105",280
"2185106",281
"2185371",282
"2185355",283
"2186827",284
"2206065",285
"2186781",286
"2186780",287
"2186750",288
"2178506",289
"2211787",290
"2186929",291
"2186942",292
"2205476",293
"2185524",294
"2185624",295
"2185427",296
"2185432",297
"2185419",298
"2185430",299
"2185434",300
"2210678",301
"2210883",302
"2210581",303
"2185696",304
"2185679",305
"2185813",306
"2185685",307
"2185723",308
"2185675",309
"2185676",310
"2185783",311
"2209866",312
"2209867",313
"2186074",314
"2186083",315
"2186047",316
"2170578",317
"2186087",318
"2186061",319
"2186095",320
"2186131",321
"2186096",322
"2208114",323
"2186207",324
"2186175",325
"2186219",326
"2186321",327
"2186358",328
"2186423",329
"2200190",330
"2120628",331
"2143643",332
"2150128",333
"2181493",334
"2181576",335
"2181658",336
"2181698",337
"2181744",338
"2182071",339
"2182168",340
"2182197",341
"2182341",342
"2182479",343
"2182481",344
"2182572",345
"2182590",346
"2182599",347
"2183002",348
"2183004",349
"2183244",350
"2183350",351
"2183804",352
"2184114",353
"2184424",354
"2184465",355
"2184775",356
"2186076",357
"2186499",358
"2186502",359
"2190705",360
"2191769",361
"3220252",362
