"Group";"N";"PCA";"MAE";"MAPE";"MSE";"RMSE";"CV";"CVRMSE";"user";"system";"elapsed"
"6351960";1;0;0.077650793434511;0.118553943449339;0.00934748373010395;0.0966823858316703;0.688741627801843;0.140375406290219;0.539999999999964;0.0200000000000031;1
"6351960";1;1;0.0865351267655729;0.13170247310251;0.0104548383393601;0.102248903854076;0.688741627801843;0.148457563368733;0.610000000000127;0.00999999999999801;0.920000000000073
"6351960";1;2;0.086247723841078;0.131903406387844;0.0106947822209376;0.103415580165358;0.688741627801843;0.150151487859699;0.630000000000109;0;0.9699999999998
"6351960";1;3;0.0855448194971825;0.129531611481603;0.0107495452512062;0.103680013750029;0.688741627801843;0.150535425136026;0.610000000000127;0;0.9699999999998
"6351960";1;4;0.0768627200656298;0.117476093069532;0.00872652640661142;0.093415878771285;0.688741627801843;0.135632688660662;0.599999999999909;0.0200000000000031;1.01999999999998
"6353617";1;0;NA;NA;NA;NA;NA;NA;0.699999999999818;0.00999999999999801;1.11000000000013
"6353617";1;1;NA;NA;NA;NA;NA;NA;0.690000000000055;0.0300000000000011;1.09000000000015
"6353617";1;2;NA;NA;NA;NA;NA;NA;0.670000000000073;0.0200000000000031;1.08999999999969
"6353617";1;3;NA;NA;NA;NA;NA;NA;0.710000000000036;0.00999999999999801;1.06999999999971
"6353617";1;4;NA;NA;NA;NA;NA;NA;0.7199999999998;0;1.10999999999967
"6354706";1;0;NA;NA;NA;NA;NA;NA;0.849999999999909;0;1.25
"6354706";1;1;NA;NA;NA;NA;NA;NA;0.739999999999782;0.019999999999996;1.08000000000038
"6354706";1;2;NA;NA;NA;NA;NA;NA;0.699999999999818;0.0200000000000031;1.09000000000015
"6354706";1;3;NA;NA;NA;NA;NA;NA;0.740000000000237;0.0399999999999991;1.11000000000013
"6354706";1;4;NA;NA;NA;NA;NA;NA;0.7199999999998;0.0300000000000011;1.11999999999989
"6355390";1;0;0.100932508377838;2.59852260148227;0.0195161264137912;0.139700130328469;0.404260521373039;0.345569559584964;0.610000000000127;0;1
"6355390";1;1;0.104372712848977;2.83548541297308;0.0211960737510875;0.145588714367177;0.404260521373039;0.36013586949499;0.630000000000109;0;1
"6355390";1;2;0.106775632760506;2.78142268283885;0.0216943857278006;0.147290141312311;0.404260521373039;0.364344608303705;0.550000000000182;0.019999999999996;1
"6355390";1;3;0.11616800358479;2.62674171320827;0.0228104756545233;0.151031373080308;0.404260521373039;0.37359911516302;0.590000000000146;0;1
"6355390";1;4;0.115336438548049;2.57417181223094;0.0232801568858218;0.152578363098513;0.404260521373039;0.377425830700196;0.600000000000364;0.0300000000000011;1.01999999999998
"6355405";1;0;NA;NA;NA;NA;NA;NA;0.75;0;1.11999999999989
"6355405";1;1;NA;NA;NA;NA;NA;NA;0.720000000000255;0.00999999999999801;1.09000000000015
"6355405";1;2;NA;NA;NA;NA;NA;NA;0.75;0;1.11000000000013
"6355405";1;3;NA;NA;NA;NA;NA;NA;0.740000000000237;0.0300000000000011;1.09999999999991
"6355405";1;4;NA;NA;NA;NA;NA;NA;0.679999999999836;0.0300000000000011;1.11000000000013
"6357841";1;0;NA;NA;NA;NA;NA;NA;0.690000000000055;0.019999999999996;1.13000000000011
"6357841";1;1;NA;NA;NA;NA;NA;NA;0.690000000000055;0.0500000000000043;1.07000000000016
"6357841";1;2;NA;NA;NA;NA;NA;NA;0.720000000000255;0.00999999999999801;1.08000000000038
"6357841";1;3;NA;NA;NA;NA;NA;NA;0.740000000000237;0.0200000000000031;1.11000000000013
"6357841";1;4;NA;NA;NA;NA;NA;NA;0.690000000000055;0.029999999999994;1.11999999999989
"6358872";1;0;NA;NA;NA;NA;NA;NA;0.740000000000237;0;1.11000000000013
"6358872";1;1;NA;NA;NA;NA;NA;NA;0.7800000000002;0.0200000000000031;1.09000000000015
"6358872";1;2;NA;NA;NA;NA;NA;NA;0.670000000000073;0.00999999999999801;1.07999999999993
"6358872";1;3;NA;NA;NA;NA;NA;NA;0.679999999999836;0.0200000000000031;1.07999999999993
"6358872";1;4;NA;NA;NA;NA;NA;NA;0.730000000000018;0.00999999999999801;1.11000000000013
"6369773";1;0;NA;NA;NA;NA;NA;NA;0.730000000000018;0.0200000000000031;1.11000000000013
"6369773";1;1;NA;NA;NA;NA;NA;NA;0.699999999999818;0;1.07999999999993
"6369773";1;2;NA;NA;NA;NA;NA;NA;0.669999999999618;0;1.05999999999995
"6369773";1;3;NA;NA;NA;NA;NA;NA;0.699999999999818;0;1.10999999999967
"6369773";1;4;NA;NA;NA;NA;NA;NA;0.730000000000018;0.0300000000000011;1.08999999999969
"6373577";1;0;0.0827999486043134;0.133063088232913;0.0109168311768543;0.10448364071401;0.685504896566272;0.152418518434184;0.630000000000109;0;1.11000000000013
"6373577";1;1;0.0832354623304796;0.131272137907126;0.010471229619757;0.102329026281681;0.685504896566272;0.14927541261084;0.640000000000327;0.00999999999999801;0.970000000000255
"6373577";1;2;0.0855591898015621;0.136444675530924;0.0109541528752687;0.104662089006807;0.685504896566272;0.152678835017903;0.610000000000127;0;0.989999999999782
"6373577";1;3;0.0773733082628506;0.123823686796916;0.00952048856390482;0.0975729909550016;0.685504896566272;0.142337409176433;0.630000000000109;0;1
"6373577";1;4;0.075604722474256;0.118848733162149;0.00768664154274143;0.0876734939576462;0.685504896566272;0.127896232976317;0.619999999999891;0.0499999999999972;1
"6373793";1;0;NA;NA;NA;NA;NA;NA;0.670000000000073;0.0300000000000011;1.09999999999991
"6373793";1;1;NA;NA;NA;NA;NA;NA;0.700000000000273;0.0300000000000011;1.09999999999991
"6373793";1;2;NA;NA;NA;NA;NA;NA;0.670000000000073;0.0399999999999991;1.07999999999993
"6373793";1;3;NA;NA;NA;NA;NA;NA;0.75;0.00999999999999801;1.10999999999967
"6373793";1;4;NA;NA;NA;NA;NA;NA;0.739999999999782;0.0300000000000011;1.11000000000013
"6384426";1;0;NA;NA;NA;NA;NA;NA;0.690000000000055;0.0300000000000011;1.08999999999969
"6384426";1;1;NA;NA;NA;NA;NA;NA;0.700000000000273;0.0300000000000011;1.08999999999969
"6384426";1;2;NA;NA;NA;NA;NA;NA;0.690000000000055;0;1.07000000000016
"6384426";1;3;NA;NA;NA;NA;NA;NA;0.710000000000036;0.019999999999996;1.11000000000013
"6384426";1;4;NA;NA;NA;NA;NA;NA;0.710000000000036;0.0200000000000031;1.11999999999989
"6391856";1;0;NA;NA;NA;NA;NA;NA;0.710000000000036;0.0399999999999991;1.11000000000013
"6391856";1;1;NA;NA;NA;NA;NA;NA;0.720000000000255;0.0200000000000031;1.09999999999991
"6391856";1;2;NA;NA;NA;NA;NA;NA;0.730000000000018;0.00999999999999801;1.11000000000013
"6391856";1;3;NA;NA;NA;NA;NA;NA;0.659999999999855;0;1.09999999999991
"6391856";1;4;NA;NA;NA;NA;NA;NA;0.75;0.0700000000000003;1.11000000000013
"6394348";1;0;NA;NA;NA;NA;NA;NA;0.75;0;1.12999999999965
"6394348";1;1;NA;NA;NA;NA;NA;NA;0.75;0.0300000000000011;1.44000000000005
"6394348";1;2;NA;NA;NA;NA;NA;NA;0.739999999999782;0.00999999999999801;1.11000000000013
"6394348";1;3;NA;NA;NA;NA;NA;NA;0.699999999999818;0;1.09000000000015
"6394348";1;4;NA;NA;NA;NA;NA;NA;0.769999999999982;0;1.09999999999991
"6396185";1;0;NA;NA;NA;NA;NA;NA;0.760000000000218;0;1.08999999999969
"6396185";1;1;NA;NA;NA;NA;NA;NA;0.75;0;1.08999999999969
"6396185";1;2;NA;NA;NA;NA;NA;NA;0.75;0;1.09999999999991
"6396185";1;3;NA;NA;NA;NA;NA;NA;0.699999999999818;0.0499999999999972;1.09999999999991
"6396185";1;4;NA;NA;NA;NA;NA;NA;0.699999999999818;0.0200000000000031;1.07000000000016
"6396198";1;0;NA;NA;NA;NA;NA;NA;0.699999999999818;0;1.08999999999969
"6396198";1;1;NA;NA;NA;NA;NA;NA;0.690000000000055;0.0300000000000011;1.09999999999991
"6396198";1;2;NA;NA;NA;NA;NA;NA;0.7199999999998;0.0300000000000011;1.10999999999967
"6396198";1;3;NA;NA;NA;NA;NA;NA;0.75;0;1.10999999999967
"6396198";1;4;NA;NA;NA;NA;NA;NA;0.679999999999836;0;1.10999999999967
"6396344";1;0;NA;NA;NA;NA;NA;NA;0.639999999999873;0.0399999999999991;1.05999999999995
"6396344";1;1;NA;NA;NA;NA;NA;NA;0.720000000000255;0.0300000000000011;1.05999999999995
"6396344";1;2;NA;NA;NA;NA;NA;NA;0.769999999999982;0.00999999999999801;1.07999999999993
"6396344";1;3;NA;NA;NA;NA;NA;NA;0.75;0;1.07999999999993
"6396344";1;4;NA;NA;NA;NA;NA;NA;0.75;0;1.11000000000013
"6397734";1;0;0.10448298756945;0.192649054742215;0.0189383193040978;0.137616566241488;0.666773210617961;0.206391864655069;0.559999999999945;0;0.980000000000018
"6397734";1;1;0.117408495853166;0.200630041534808;0.0187432500309916;0.136905989755714;0.666773210617961;0.205326170241348;0.559999999999945;0;0.909999999999854
"6397734";1;2;0.112583594047821;0.199573945213755;0.0185465505547516;0.136185720818123;0.666773210617961;0.204245939473043;0.609999999999673;0.0200000000000031;0.9699999999998
"6397734";1;3;0.118264616738118;0.20626612812097;0.0206431733926364;0.143677323863706;0.666773210617961;0.215481548412161;0.579999999999927;0.00999999999999801;0.9699999999998
"6397734";1;4;0.112369331425425;0.195337666938504;0.0200063479547318;0.141443797865908;0.666773210617961;0.212131794759449;0.599999999999909;0;0.989999999999782
"6398496";1;0;NA;NA;NA;NA;NA;NA;0.650000000000091;0.0499999999999972;1.09999999999991
"6398496";1;1;NA;NA;NA;NA;NA;NA;0.670000000000073;0.0300000000000011;1.05999999999995
"6398496";1;2;NA;NA;NA;NA;NA;NA;0.670000000000073;0.0200000000000031;1.09000000000015
"6398496";1;3;NA;NA;NA;NA;NA;NA;0.769999999999982;0;1.13000000000011
"6398496";1;4;NA;NA;NA;NA;NA;NA;0.730000000000018;0;1.09000000000015
"6400127";1;0;NA;NA;NA;NA;NA;NA;0.690000000000055;0.00999999999999801;1.09999999999991
"6400127";1;1;NA;NA;NA;NA;NA;NA;0.699999999999818;0.0499999999999972;1.07000000000016
"6400127";1;2;NA;NA;NA;NA;NA;NA;0.7199999999998;0.0300000000000011;1.07000000000016
"6400127";1;3;NA;NA;NA;NA;NA;NA;0.690000000000055;0;1.11000000000013
"6400127";1;4;NA;NA;NA;NA;NA;NA;0.690000000000055;0.0300000000000011;1.11000000000013
"6402214";1;0;0.03636025139334;0.10097362114118;0.0019795455782761;0.0444920844451695;0.3475047795102;0.128033014417471;0.610000000000127;0.0200000000000031;0.980000000000018
"6402214";1;1;0.0491740580988603;0.136337452249046;0.0039182718140551;0.0625961006297924;0.3475047795102;0.180130186174763;0.630000000000109;0;0.940000000000055
"6402214";1;2;0.0476137568772003;0.128702870691665;0.00355309546842546;0.059607847372854;0.3475047795102;0.171531014499628;0.579999999999927;0.0300000000000011;0.949999999999818
"6402214";1;3;0.0470850080041976;0.126398396252381;0.0036058311014049;0.0600485728506923;0.3475047795102;0.172799271812403;0.630000000000109;0.00999999999999801;1.05000000000018
"6402214";1;4;0.0491372210668643;0.130575196450046;0.00393880816383276;0.0627599248233517;0.3475047795102;0.180601616218949;0.590000000000146;0.0499999999999972;1
"6406085";1;0;NA;NA;NA;NA;NA;NA;0.690000000000055;0;1.07999999999993
"6406085";1;1;NA;NA;NA;NA;NA;NA;0.730000000000018;0.0200000000000031;1.11000000000013
"6406085";1;2;NA;NA;NA;NA;NA;NA;0.7199999999998;0;1.10999999999967
"6406085";1;3;NA;NA;NA;NA;NA;NA;0.720000000000255;0;1.10999999999967
"6406085";1;4;NA;NA;NA;NA;NA;NA;0.710000000000036;0.0399999999999991;1.11000000000013
"6412073";1;0;NA;NA;NA;NA;NA;NA;0.699999999999818;0;1.11000000000013
"6412073";1;1;NA;NA;NA;NA;NA;NA;0.699999999999818;0.0700000000000003;1.07000000000016
"6412073";1;2;NA;NA;NA;NA;NA;NA;0.670000000000073;0.00999999999999801;1.22000000000025
"6412073";1;3;NA;NA;NA;NA;NA;NA;0.700000000000273;0.0500000000000043;1.11000000000013
"6412073";1;4;NA;NA;NA;NA;NA;NA;0.740000000000237;0.00999999999999801;1.11000000000013
"6429112";1;0;NA;NA;NA;NA;NA;NA;0.670000000000073;0.019999999999996;1.13999999999987
"6429112";1;1;NA;NA;NA;NA;NA;NA;0.75;0.0200000000000031;1.07999999999993
"6429112";1;2;NA;NA;NA;NA;NA;NA;0.679999999999836;0.00999999999999801;1.07999999999993
"6429112";1;3;NA;NA;NA;NA;NA;NA;0.679999999999836;0.0300000000000011;1.09000000000015
"6429112";1;4;NA;NA;NA;NA;NA;NA;0.720000000000255;0.0300000000000011;1.09999999999991
"6429753";1;0;NA;NA;NA;NA;NA;NA;0.7199999999998;0.019999999999996;1.08999999999969
"6429753";1;1;NA;NA;NA;NA;NA;NA;0.75;0.0200000000000031;1.07999999999993
"6429753";1;2;NA;NA;NA;NA;NA;NA;0.679999999999836;0.00999999999999801;1.07999999999993
"6429753";1;3;NA;NA;NA;NA;NA;NA;0.75;0.0200000000000031;1.11999999999989
"6429753";1;4;NA;NA;NA;NA;NA;NA;0.840000000000146;0;1.24000000000024
"6429769";1;0;0.0418769682978442;0.132409413435789;0.00266161280231227;0.0515908209114012;0.314478362186088;0.164052052906817;0.589999999999691;0.00999999999999801;1.0300000000002
"6429769";1;1;0.0436951629083878;0.142404679150573;0.00276181735350996;0.0525529956663744;0.314478362186088;0.167111642597773;0.599999999999909;0.0200000000000031;1
"6429769";1;2;0.0385796772382368;0.120816328335622;0.0023416939174651;0.0483910520392469;0.314478362186088;0.153877207013093;0.570000000000164;0.00999999999999801;1
"6429769";1;3;0.0372307975145422;0.117619838337543;0.00224518827870252;0.0473834177608846;0.314478362186088;0.150673061992247;0.639999999999873;0.0200000000000031;1.00999999999976
"6429769";1;4;0.0374507513292311;0.117799376005517;0.00230608171043344;0.0480216795878012;0.314478362186088;0.152702650999515;0.609999999999673;0.00999999999999801;1.00999999999976
"6430564";1;0;NA;NA;NA;NA;NA;NA;0.710000000000036;0.0399999999999991;1.06999999999971
"6430564";1;1;NA;NA;NA;NA;NA;NA;0.7199999999998;0.0300000000000011;1.07999999999993
"6430564";1;2;NA;NA;NA;NA;NA;NA;0.7199999999998;0;1.08999999999969
"6430564";1;3;NA;NA;NA;NA;NA;NA;0.730000000000018;0.0300000000000011;1.10999999999967
"6430564";1;4;NA;NA;NA;NA;NA;NA;0.669999999999618;0.0499999999999972;1.10999999999967
"6430577";1;0;0.111699455557012;0.519157938221301;0.0306619993420266;0.175105680496169;0.474662892241031;0.368905350214846;0.559999999999945;0.0399999999999991;1
"6430577";1;1;0.120430733017268;0.547775966910693;0.0318741756606341;0.178533402086652;0.474662892241031;0.376126731212841;0.579999999999927;0;0.960000000000036
"6430577";1;2;0.111920588760911;0.524800324656886;0.0285906792850355;0.169087785735799;0.474662892241031;0.356227100326893;0.539999999999964;0.0200000000000031;0.960000000000036
"6430577";1;3;0.112528148656129;0.52257338385706;0.0276467675448592;0.16627317145246;0.474662892241031;0.350297388252603;0.609999999999673;0.00999999999999801;1
"6430577";1;4;0.113823008861477;0.530991124928984;0.0288568109332106;0.169872925839318;0.474662892241031;0.357881200776609;0.589999999999691;0.0300000000000011;1.01999999999998
"6431079";1;0;NA;NA;NA;NA;NA;NA;0.7199999999998;0;1.10999999999967
"6431079";1;1;NA;NA;NA;NA;NA;NA;0.700000000000273;0.019999999999996;1.09999999999991
"6431079";1;2;NA;NA;NA;NA;NA;NA;0.75;0;1.13999999999987
"6431079";1;3;NA;NA;NA;NA;NA;NA;0.700000000000273;0;1.07999999999993
"6431079";1;4;NA;NA;NA;NA;NA;NA;0.75;0;1.10999999999967
"6431126";1;0;NA;NA;NA;NA;NA;NA;0.710000000000036;0;1.09000000000015
"6431126";1;1;NA;NA;NA;NA;NA;NA;0.679999999999836;0.0399999999999991;1.09999999999991
"6431126";1;2;NA;NA;NA;NA;NA;NA;0.720000000000255;0;1.12000000000035
"6431126";1;3;NA;NA;NA;NA;NA;NA;0.739999999999782;0.0499999999999972;1.11000000000013
"6431126";1;4;NA;NA;NA;NA;NA;NA;0.7199999999998;0.0200000000000031;1.11000000000013
"6431127";1;0;NA;NA;NA;NA;NA;NA;0.670000000000073;0.00999999999999801;1.10000000000036
"6431127";1;1;NA;NA;NA;NA;NA;NA;0.730000000000018;0.0200000000000031;1.11000000000013
"6431127";1;2;NA;NA;NA;NA;NA;NA;0.690000000000055;0.00999999999999801;1.08000000000038
"6431127";1;3;NA;NA;NA;NA;NA;NA;0.720000000000255;0;1.10000000000036
"6431127";1;4;NA;NA;NA;NA;NA;NA;0.730000000000018;0.0200000000000031;1.10000000000036
"6431268";1;0;NA;NA;NA;NA;NA;NA;0.730000000000018;0;1.14000000000033
"6431268";1;1;NA;NA;NA;NA;NA;NA;0.740000000000237;0.00999999999999801;1.09000000000015
"6431268";1;2;NA;NA;NA;NA;NA;NA;0.670000000000073;0.00999999999999801;1.09000000000015
"6431268";1;3;NA;NA;NA;NA;NA;NA;0.700000000000273;0.0399999999999991;1.09999999999991
"6431268";1;4;NA;NA;NA;NA;NA;NA;0.690000000000055;0.00999999999999801;1.11000000000013
"6431273";1;0;NA;NA;NA;NA;NA;NA;0.690000000000055;0.0300000000000011;1.10999999999967
"6431273";1;1;NA;NA;NA;NA;NA;NA;0.710000000000036;0.0200000000000031;1.08999999999969
"6431273";1;2;NA;NA;NA;NA;NA;NA;0.75;0.029999999999994;1.10999999999967
"6431273";1;3;NA;NA;NA;NA;NA;NA;0.710000000000036;0.0300000000000011;1.07999999999993
"6431273";1;4;NA;NA;NA;NA;NA;NA;0.710000000000036;0.0300000000000011;1.10999999999967
"6431327";1;0;NA;NA;NA;NA;NA;NA;0.699999999999818;0;1.11999999999989
"6431327";1;1;NA;NA;NA;NA;NA;NA;0.730000000000018;0.0300000000000011;1.09999999999991
"6431327";1;2;NA;NA;NA;NA;NA;NA;0.75;0;1.07999999999993
"6431327";1;3;NA;NA;NA;NA;NA;NA;0.720000000000255;0.0200000000000031;1.09000000000015
"6431327";1;4;NA;NA;NA;NA;NA;NA;0.739999999999782;0.00999999999999801;1.11000000000013
"6431414";1;0;NA;NA;NA;NA;NA;NA;0.720000000000255;0;1.12999999999965
"6431414";1;1;NA;NA;NA;NA;NA;NA;0.809999999999945;0.019999999999996;1.10999999999967
"6431414";1;2;NA;NA;NA;NA;NA;NA;0.670000000000073;0.0300000000000011;1.07999999999993
"6431414";1;3;NA;NA;NA;NA;NA;NA;0.75;0;1.11000000000013
"6431414";1;4;NA;NA;NA;NA;NA;NA;0.690000000000055;0.0200000000000031;1.12999999999965
"6431415";1;0;NA;NA;NA;NA;NA;NA;0.650000000000091;0.0300000000000011;1.11000000000013
"6431415";1;1;NA;NA;NA;NA;NA;NA;0.739999999999782;0.00999999999999801;1.09000000000015
"6431415";1;2;NA;NA;NA;NA;NA;NA;0.699999999999818;0.019999999999996;1.09999999999991
"6431415";1;3;NA;NA;NA;NA;NA;NA;0.720000000000255;0.0200000000000031;1.11000000000013
"6431415";1;4;NA;NA;NA;NA;NA;NA;0.739999999999782;0.00999999999999801;1.13000000000011
"6431427";1;0;NA;NA;NA;NA;NA;NA;0.670000000000073;0.0200000000000031;1.10000000000036
"6431427";1;1;NA;NA;NA;NA;NA;NA;0.730000000000018;0.0399999999999991;1.08000000000038
"6431427";1;2;NA;NA;NA;NA;NA;NA;0.700000000000273;0.0300000000000011;1.09000000000015
"6431427";1;3;NA;NA;NA;NA;NA;NA;0.730000000000018;0.019999999999996;1.12000000000035
"6431427";1;4;NA;NA;NA;NA;NA;NA;0.670000000000073;0.0500000000000043;1.11000000000013
"6431524";1;0;NA;NA;NA;NA;NA;NA;0.699999999999818;0.0300000000000011;1.07999999999993
"6431524";1;1;NA;NA;NA;NA;NA;NA;0.690000000000055;0;1.0600000000004
"6431524";1;2;NA;NA;NA;NA;NA;NA;0.800000000000182;0.00999999999999801;1.09999999999991
"6431524";1;3;NA;NA;NA;NA;NA;NA;0.700000000000273;0.019999999999996;1.11000000000013
"6431524";1;4;NA;NA;NA;NA;NA;NA;0.699999999999818;0;1.09000000000015
"6432724";1;0;NA;NA;NA;NA;NA;NA;0.680000000000291;0.0300000000000011;1.11000000000013
"6432724";1;1;NA;NA;NA;NA;NA;NA;0.759999999999764;0;1.11999999999989
"6432724";1;2;NA;NA;NA;NA;NA;NA;0.7199999999998;0;1.08000000000038
"6432724";1;3;NA;NA;NA;NA;NA;NA;0.700000000000273;0.0300000000000011;1.09000000000015
"6432724";1;4;NA;NA;NA;NA;NA;NA;0.730000000000018;0;1.09000000000015
"6432725";1;0;NA;NA;NA;NA;NA;NA;0.710000000000036;0;1.11000000000013
"6432725";1;1;NA;NA;NA;NA;NA;NA;0.720000000000255;0.0200000000000031;1.11000000000013
"6432725";1;2;NA;NA;NA;NA;NA;NA;0.7199999999998;0.00999999999999801;1.09999999999991
"6432725";1;3;NA;NA;NA;NA;NA;NA;0.690000000000055;0.0200000000000031;1.11000000000013
"6432725";1;4;NA;NA;NA;NA;NA;NA;0.739999999999782;0;1.12999999999965
"6434298";1;0;NA;NA;NA;NA;NA;NA;0.700000000000273;0.029999999999994;1.13999999999987
"6434298";1;1;NA;NA;NA;NA;NA;NA;0.769999999999982;0.0300000000000011;1.09000000000015
"6434298";1;2;NA;NA;NA;NA;NA;NA;0.679999999999836;0;1.07999999999993
"6434298";1;3;NA;NA;NA;NA;NA;NA;0.730000000000018;0.0300000000000011;1.10999999999967
"6434298";1;4;NA;NA;NA;NA;NA;NA;0.769999999999982;0;1.14999999999964
"6434299";1;0;NA;NA;NA;NA;NA;NA;0.7199999999998;0.0200000000000031;1.13000000000011
"6434299";1;1;NA;NA;NA;NA;NA;NA;0.7199999999998;0.00999999999999801;1.11000000000013
"6434299";1;2;NA;NA;NA;NA;NA;NA;0.710000000000036;0.0399999999999991;1.09000000000015
"6434299";1;3;NA;NA;NA;NA;NA;NA;0.769999999999982;0.0600000000000023;1.11000000000013
"6434299";1;4;NA;NA;NA;NA;NA;NA;0.710000000000036;0.00999999999999801;1.10000000000036
"6436099";1;0;NA;NA;NA;NA;NA;NA;0.730000000000018;0.0200000000000031;1.11000000000013
"6436099";1;1;NA;NA;NA;NA;NA;NA;0.769999999999982;0;1.13000000000011
"6436099";1;2;NA;NA;NA;NA;NA;NA;0.679999999999836;0;1.11000000000013
"6436099";1;3;NA;NA;NA;NA;NA;NA;0.730000000000018;0.00999999999999801;1.10999999999967
"6436099";1;4;NA;NA;NA;NA;NA;NA;0.700000000000273;0.0499999999999972;1.10999999999967
"6436100";1;0;NA;NA;NA;NA;NA;NA;0.669999999999618;0.00999999999999801;1.11000000000013
"6436100";1;1;NA;NA;NA;NA;NA;NA;0.759999999999764;0.0200000000000031;1.07000000000016
"6436100";1;2;NA;NA;NA;NA;NA;NA;0.670000000000073;0.029999999999994;1.11000000000013
"6436100";1;3;NA;NA;NA;NA;NA;NA;0.659999999999855;0.0500000000000043;1.09000000000015
"6436100";1;4;NA;NA;NA;NA;NA;NA;0.910000000000309;0;1.26999999999998
"6436974";1;0;NA;NA;NA;NA;NA;NA;0.650000000000091;0.00999999999999801;1.07999999999993
"6436974";1;1;NA;NA;NA;NA;NA;NA;0.75;0.0200000000000031;1.13999999999987
"6436974";1;2;NA;NA;NA;NA;NA;NA;0.699999999999818;0.0300000000000011;1.10999999999967
"6436974";1;3;NA;NA;NA;NA;NA;NA;0.75;0.029999999999994;1.09999999999991
"6436974";1;4;NA;NA;NA;NA;NA;NA;0.7199999999998;0;1.11999999999989
"6438510";1;0;0.0506760709872118;0.115765022937037;0.00383159884232335;0.0618999098733055;0.43380377353766;0.142691036015001;0.590000000000146;0;1
"6438510";1;1;0.057470944856194;0.130616752066579;0.00483383411266663;0.0695257802017829;0.43380377353766;0.160270113915335;0.610000000000127;0;0.919999999999618
"6438510";1;2;0.0578845003640392;0.130425796940599;0.00504917021079206;0.0710575134014135;0.43380377353766;0.163801049543532;0.599999999999909;0.0200000000000031;0.949999999999818
"6438510";1;3;0.0516175009789838;0.118907477200238;0.00370744986981837;0.0608888320615396;0.43380377353766;0.140360309835464;0.619999999999891;0;0.990000000000236
"6438510";1;4;0.0535235103250517;0.122740097759669;0.00386433247593505;0.0621637553236213;0.43380377353766;0.14329924983519;0.599999999999909;0.0300000000000011;1.11000000000013
"6438908";1;0;NA;NA;NA;NA;NA;NA;0.740000000000237;0.00999999999999801;1.13999999999987
"6438908";1;1;NA;NA;NA;NA;NA;NA;0.730000000000018;0;1.09999999999991
"6438908";1;2;NA;NA;NA;NA;NA;NA;0.639999999999873;0.0300000000000011;1.05999999999995
"6438908";1;3;NA;NA;NA;NA;NA;NA;0.690000000000055;0.019999999999996;1.09000000000015
"6438908";1;4;NA;NA;NA;NA;NA;NA;0.7199999999998;0.0200000000000031;1.13999999999987
"6439676";1;0;NA;NA;NA;NA;NA;NA;0.700000000000273;0.00999999999999801;1.11000000000013
"6439676";1;1;NA;NA;NA;NA;NA;NA;0.739999999999782;0.0200000000000031;1.09000000000015
"6439676";1;2;NA;NA;NA;NA;NA;NA;0.679999999999836;0.00999999999999801;1.09999999999991
"6439676";1;3;NA;NA;NA;NA;NA;NA;0.670000000000073;0;1.09999999999991
"6439676";1;4;NA;NA;NA;NA;NA;NA;0.720000000000255;0;1.13000000000011
"6439812";1;0;0.0336509337855972;0.202229971824157;0.00159218138063671;0.0399021475692313;0.174049462502201;0.229257516774731;0.639999999999873;0.0300000000000011;1.04999999999973
"6439812";1;1;0.0340321706506989;0.208834435092923;0.00185726562870964;0.043096004788259;0.174049462502201;0.247607801648419;0.690000000000055;0;0.980000000000018
"6439812";1;2;0.0358228988050571;0.220636732788795;0.0018739789903952;0.0432894789804081;0.174049462502201;0.248719406300152;0.590000000000146;0.0200000000000031;0.9699999999998
"6439812";1;3;0.0359439372466469;0.220796900465424;0.00180051651885025;0.0424324936675921;0.174049462502201;0.243795603028969;0.600000000000364;0.029999999999994;1
"6439812";1;4;0.0365072566670849;0.223800490190044;0.00189264890819131;0.043504584909999;0.174049462502201;0.249955295951854;0.660000000000309;0;1
"6439813";1;0;NA;NA;NA;NA;NA;NA;0.760000000000218;0;1.11999999999989
"6439813";1;1;NA;NA;NA;NA;NA;NA;0.739999999999782;0;1.10000000000036
"6439813";1;2;NA;NA;NA;NA;NA;NA;0.7199999999998;0;1.09000000000015
"6439813";1;3;NA;NA;NA;NA;NA;NA;0.739999999999782;0;1.11000000000013
"6439813";1;4;NA;NA;NA;NA;NA;NA;0.7199999999998;0;1.11000000000013
"6439814";1;0;0.109175089821702;0.189056917985336;0.0163904510306008;0.128025196858278;0.594845210202038;0.215224388904122;0.549999999999727;0.0500000000000043;0.980000000000018
"6439814";1;1;0.101982873890168;0.177120417585832;0.0153506400841475;0.123897700076101;0.594845210202038;0.208285614393734;0.609999999999673;0;0.920000000000073
"6439814";1;2;0.100401957568029;0.174024087632064;0.0156082204806642;0.12493286389363;0.594845210202038;0.210025838236466;0.629999999999654;0;0.950000000000273
"6439814";1;3;0.105913760678234;0.183735884262292;0.0172083950482337;0.131180772402947;0.594845210202038;0.220529257280884;0.609999999999673;0;0.9699999999998
"6439814";1;4;0.0993253816568541;0.16828027809676;0.0170496471198107;0.130574297316933;0.594845210202038;0.21950970618488;0.589999999999691;0.0300000000000011;1.02999999999975
"6440330";1;0;NA;NA;NA;NA;NA;NA;0.710000000000036;0.00999999999999801;1.13999999999987
"6440330";1;1;NA;NA;NA;NA;NA;NA;0.739999999999782;0.019999999999996;1.07999999999993
"6440330";1;2;NA;NA;NA;NA;NA;NA;0.699999999999818;0;1.07999999999993
"6440330";1;3;NA;NA;NA;NA;NA;NA;0.720000000000255;0.0300000000000011;1.08999999999969
"6440330";1;4;NA;NA;NA;NA;NA;NA;0.75;0.0500000000000043;1.12999999999965
"6440364";1;0;NA;NA;NA;NA;NA;NA;0.710000000000036;0.0300000000000011;1.13999999999987
"6440364";1;1;NA;NA;NA;NA;NA;NA;0.690000000000055;0;1.07999999999993
"6440364";1;2;NA;NA;NA;NA;NA;NA;0.799999999999727;0;1.09999999999991
"6440364";1;3;NA;NA;NA;NA;NA;NA;0.710000000000036;0.00999999999999801;1.12999999999965
"6440364";1;4;NA;NA;NA;NA;NA;NA;0.690000000000055;0.0399999999999991;1.07999999999993
"6440366";1;0;NA;NA;NA;NA;NA;NA;0.7199999999998;0.00999999999999801;1.11000000000013
"6440366";1;1;NA;NA;NA;NA;NA;NA;0.75;0;1.09000000000015
"6440366";1;2;NA;NA;NA;NA;NA;NA;0.670000000000073;0;1.09999999999991
"6440366";1;3;NA;NA;NA;NA;NA;NA;0.699999999999818;0.0500000000000043;1.11000000000013
"6440366";1;4;NA;NA;NA;NA;NA;NA;0.75;0;1.09999999999991
"6440894";1;0;NA;NA;NA;NA;NA;NA;0.700000000000273;0.0499999999999972;1.23000000000002
"6440894";1;1;NA;NA;NA;NA;NA;NA;0.760000000000218;0.00999999999999801;1.09000000000015
"6440894";1;2;NA;NA;NA;NA;NA;NA;0.710000000000036;0.0200000000000031;1.09000000000015
"6440894";1;3;NA;NA;NA;NA;NA;NA;0.690000000000055;0.0300000000000011;1.09000000000015
"6440894";1;4;NA;NA;NA;NA;NA;NA;0.680000000000291;0.00999999999999801;1.10999999999967
"6441166";1;0;NA;NA;NA;NA;NA;NA;0.739999999999782;0;1.12000000000035
"6441166";1;1;NA;NA;NA;NA;NA;NA;0.670000000000073;0;1.09999999999991
"6441166";1;2;NA;NA;NA;NA;NA;NA;0.7199999999998;0.0200000000000031;1.09999999999991
"6441166";1;3;NA;NA;NA;NA;NA;NA;0.7199999999998;0.029999999999994;1.11000000000013
"6441166";1;4;NA;NA;NA;NA;NA;NA;0.720000000000255;0.0900000000000034;1.11000000000013
"6441173";1;0;NA;NA;NA;NA;NA;NA;0.690000000000055;0.0499999999999972;1.10000000000036
"6441173";1;1;NA;NA;NA;NA;NA;NA;0.720000000000255;0;1.12000000000035
"6441173";1;2;NA;NA;NA;NA;NA;NA;0.739999999999782;0;1.11000000000013
"6441173";1;3;NA;NA;NA;NA;NA;NA;0.730000000000018;0.0300000000000011;1.15999999999985
"6441173";1;4;NA;NA;NA;NA;NA;NA;0.730000000000018;0.0500000000000043;1.11000000000013
"6441356";1;0;NA;NA;NA;NA;NA;NA;0.639999999999873;0.0599999999999952;1.08999999999969
"6441356";1;1;NA;NA;NA;NA;NA;NA;0.690000000000055;0.0500000000000043;1.10999999999967
"6441356";1;2;NA;NA;NA;NA;NA;NA;0.730000000000018;0.029999999999994;1.15999999999985
"6441356";1;3;NA;NA;NA;NA;NA;NA;0.6899999999996;0.0200000000000031;1.11000000000013
"6441356";1;4;NA;NA;NA;NA;NA;NA;0.730000000000018;0.00999999999999801;1.09000000000015
"6441467";1;0;NA;NA;NA;NA;NA;NA;0.6899999999996;0.0200000000000031;1.11000000000013
"6441467";1;1;NA;NA;NA;NA;NA;NA;0.7199999999998;0.0399999999999991;1.09000000000015
"6441467";1;2;NA;NA;NA;NA;NA;NA;0.7800000000002;0.0300000000000011;1.11000000000013
"6441467";1;3;NA;NA;NA;NA;NA;NA;0.75;0.019999999999996;1.13000000000011
"6441467";1;4;NA;NA;NA;NA;NA;NA;0.710000000000036;0;1.12000000000035
"6441469";1;0;NA;NA;NA;NA;NA;NA;0.75;0;1.13000000000011
"6441469";1;1;NA;NA;NA;NA;NA;NA;0.75;0;1.09000000000015
"6441469";1;2;NA;NA;NA;NA;NA;NA;0.670000000000073;0.0200000000000031;1.07999999999993
"6441469";1;3;NA;NA;NA;NA;NA;NA;0.730000000000018;0;1.11999999999989
"6441469";1;4;NA;NA;NA;NA;NA;NA;0.760000000000218;0.00999999999999801;1.13000000000011
"6441899";1;0;NA;NA;NA;NA;NA;NA;0.7199999999998;0.0200000000000031;1.11000000000013
"6441899";1;1;NA;NA;NA;NA;NA;NA;0.75;0;1.07999999999993
"6441899";1;2;NA;NA;NA;NA;NA;NA;0.699999999999818;0;1.11000000000013
"6441899";1;3;NA;NA;NA;NA;NA;NA;0.720000000000255;0.00999999999999801;1.09000000000015
"6441899";1;4;NA;NA;NA;NA;NA;NA;0.730000000000018;0;1.13999999999987
"6441924";1;0;NA;NA;NA;NA;NA;NA;0.679999999999836;0.0200000000000031;1.09999999999991
"6441924";1;1;NA;NA;NA;NA;NA;NA;0.7199999999998;0.00999999999999801;1.05999999999995
"6441924";1;2;NA;NA;NA;NA;NA;NA;0.699999999999818;0.0499999999999972;1.05999999999995
"6441924";1;3;NA;NA;NA;NA;NA;NA;0.7199999999998;0.0200000000000031;1.10999999999967
"6441924";1;4;NA;NA;NA;NA;NA;NA;0.75;0.00999999999999801;1.13999999999987
"6442236";1;0;NA;NA;NA;NA;NA;NA;0.679999999999836;0.0300000000000011;0.869999999999891
"6442236";1;1;NA;NA;NA;NA;NA;NA;0.680000000000291;0.0200000000000031;0.910000000000309
"6442236";1;2;NA;NA;NA;NA;NA;NA;0.659999999999855;0.00999999999999801;0.889999999999873
"6442236";1;3;NA;NA;NA;NA;NA;NA;0.619999999999891;0.019999999999996;0.860000000000127
"6442236";1;4;NA;NA;NA;NA;NA;NA;0.590000000000146;0.0500000000000043;0.880000000000109
"6443006";1;0;NA;NA;NA;NA;NA;NA;0.739999999999782;0.00999999999999801;1.11999999999989
"6443006";1;1;NA;NA;NA;NA;NA;NA;0.75;0;1.11000000000013
"6443006";1;2;NA;NA;NA;NA;NA;NA;0.740000000000237;0.0200000000000031;1.11000000000013
"6443006";1;3;NA;NA;NA;NA;NA;NA;0.75;0.00999999999999801;1.11000000000013
"6443006";1;4;NA;NA;NA;NA;NA;NA;0.75;0;1.11000000000013
"6443818";1;0;NA;NA;NA;NA;NA;NA;0.779999999999745;0;1.10999999999967
"6443818";1;1;NA;NA;NA;NA;NA;NA;0.75;0.0200000000000031;1.08999999999969
"6443818";1;2;NA;NA;NA;NA;NA;NA;0.75;0.0399999999999991;1.08999999999969
"6443818";1;3;NA;NA;NA;NA;NA;NA;0.75;0;1.07999999999993
"6443818";1;4;NA;NA;NA;NA;NA;NA;0.739999999999782;0.0200000000000031;1.11999999999989
"6443831";1;0;NA;NA;NA;NA;NA;NA;0.730000000000018;0;1.11999999999989
"6443831";1;1;NA;NA;NA;NA;NA;NA;0.720000000000255;0.00999999999999801;1.09999999999991
"6443831";1;2;NA;NA;NA;NA;NA;NA;0.800000000000182;0;1.21000000000004
"6443831";1;3;NA;NA;NA;NA;NA;NA;0.730000000000018;0;1.09000000000015
"6443831";1;4;NA;NA;NA;NA;NA;NA;0.760000000000218;0;1.13000000000011
"6444403";1;0;NA;NA;NA;NA;NA;NA;0.690000000000055;0.0300000000000011;1.07999999999993
"6444403";1;1;NA;NA;NA;NA;NA;NA;0.690000000000055;0.0399999999999991;1.08999999999969
"6444403";1;2;NA;NA;NA;NA;NA;NA;0.699999999999818;0;1.06999999999971
"6444403";1;3;NA;NA;NA;NA;NA;NA;0.720000000000255;0.00999999999999801;1.09000000000015
"6444403";1;4;NA;NA;NA;NA;NA;NA;0.730000000000018;0.0300000000000011;1.11999999999989
"6444534";1;0;NA;NA;NA;NA;NA;NA;0.650000000000091;0.0700000000000003;1.12000000000035
"6444534";1;1;NA;NA;NA;NA;NA;NA;0.690000000000055;0.00999999999999801;1.05999999999995
"6444534";1;2;NA;NA;NA;NA;NA;NA;0.699999999999818;0;1.07999999999993
"6444534";1;3;NA;NA;NA;NA;NA;NA;0.789999999999964;0;1.11000000000013
"6444534";1;4;NA;NA;NA;NA;NA;NA;0.739999999999782;0.0300000000000011;1.15000000000009
"6445155";1;0;NA;NA;NA;NA;NA;NA;0.75;0.0200000000000031;1.11000000000013
"6445155";1;1;NA;NA;NA;NA;NA;NA;0.700000000000273;0;1.05999999999995
"6445155";1;2;NA;NA;NA;NA;NA;NA;0.659999999999855;0.00999999999999801;1.05999999999995
"6445155";1;3;NA;NA;NA;NA;NA;NA;0.720000000000255;0;1.07999999999993
"6445155";1;4;NA;NA;NA;NA;NA;NA;0.789999999999964;0.0300000000000011;1.10999999999967
"6447936";1;0;NA;NA;NA;NA;NA;NA;0.710000000000036;0.019999999999996;1.13999999999987
"6447936";1;1;NA;NA;NA;NA;NA;NA;0.6899999999996;0;1.05999999999995
"6447936";1;2;NA;NA;NA;NA;NA;NA;0.800000000000182;0.0200000000000031;1.11000000000013
"6447936";1;3;NA;NA;NA;NA;NA;NA;0.700000000000273;0;1.05999999999995
"6447936";1;4;NA;NA;NA;NA;NA;NA;0.699999999999818;0.00999999999999801;1.09999999999991
"6449098";1;0;NA;NA;NA;NA;NA;NA;0.700000000000273;0.0300000000000011;1.10999999999967
"6449098";1;1;NA;NA;NA;NA;NA;NA;0.789999999999964;0.0300000000000011;1.09000000000015
"6449098";1;2;NA;NA;NA;NA;NA;NA;0.690000000000055;0;1.07999999999993
"6449098";1;3;NA;NA;NA;NA;NA;NA;0.7199999999998;0.019999999999996;1.07999999999993
"6449098";1;4;NA;NA;NA;NA;NA;NA;0.759999999999764;0.0300000000000011;1.13000000000011
"6449099";1;0;0.0815663394087855;0.190553679227919;0.00931699244132791;0.0965245691071859;0.462043936541748;0.208907771476543;0.659999999999855;0.0200000000000031;1.0300000000002
"6449099";1;1;0.0896181937117702;0.201901354579641;0.0122162040521485;0.110526938128895;0.462043936541748;0.239213047478025;0.639999999999873;0;0.920000000000073
"6449099";1;2;0.0871333442350517;0.199961185243722;0.0116359249084823;0.107869944416794;0.462043936541748;0.233462525715988;0.619999999999891;0.0300000000000011;1.01999999999998
"6449099";1;3;0.0884808101487585;0.204515485166135;0.0111962928280585;0.105812536251894;0.462043936541748;0.229009684758267;0.579999999999927;0.0599999999999952;0.989999999999782
"6449099";1;4;0.101441532627321;0.235839772043015;0.0120454782630577;0.109751894120593;0.462043936541748;0.23753562256882;0.610000000000127;0.0200000000000031;0.989999999999782
"6449806";1;0;NA;NA;NA;NA;NA;NA;0.739999999999782;0.0399999999999991;1.09000000000015
"6449806";1;1;NA;NA;NA;NA;NA;NA;0.690000000000055;0.0300000000000011;1.13000000000011
"6449806";1;2;NA;NA;NA;NA;NA;NA;0.75;0;1.19000000000005
"6449806";1;3;NA;NA;NA;NA;NA;NA;0.710000000000036;0.019999999999996;1.10999999999967
"6449806";1;4;NA;NA;NA;NA;NA;NA;0.690000000000055;0.0300000000000011;1.08999999999969
"6451307";1;0;0.0576637925052704;0.151163312873231;0.00495170318099721;0.0703683393366449;0.399943261217602;0.175945805718574;0.599999999999909;0.0200000000000031;1
"6451307";1;1;0.0550913600599827;0.150417588455347;0.00479968543708475;0.0692797621032633;0.399943261217602;0.173223976551937;0.670000000000073;0.00999999999999801;0.920000000000073
"6451307";1;2;0.0499980930330207;0.136954124825733;0.00417945116643785;0.0646486749008659;0.399943261217602;0.161644616048904;0.580000000000382;0;0.949999999999818
"6451307";1;3;0.0555624921874329;0.151190628226783;0.0047149936939453;0.0686658116819812;0.399943261217602;0.171688882750349;0.659999999999855;0;0.989999999999782
"6451307";1;4;0.0530161377535995;0.144675958038632;0.00409816473031863;0.0640169097217183;0.399943261217602;0.160064979034333;0.659999999999855;0.0300000000000011;1.03999999999996
"6451505";1;0;NA;NA;NA;NA;NA;NA;0.7199999999998;0.0200000000000031;1.12999999999965
"6451505";1;1;NA;NA;NA;NA;NA;NA;0.710000000000036;0.00999999999999801;1.11000000000013
"6451505";1;2;NA;NA;NA;NA;NA;NA;0.730000000000018;0;1.09999999999991
"6451505";1;3;NA;NA;NA;NA;NA;NA;0.730000000000018;0;1.21000000000004
"6451505";1;4;NA;NA;NA;NA;NA;NA;0.699999999999818;0.019999999999996;1.09999999999991
"6451703";1;0;0.0863597875240031;0.161982587259635;0.00940177092970615;0.0969627295908389;0.57707447393073;0.168024638016614;0.610000000000127;0.0200000000000031;1.0300000000002
"6451703";1;1;0.0820204109612977;0.155518398741494;0.00885157152742731;0.0940827908144062;0.57707447393073;0.163034053773967;0.590000000000146;0.0300000000000011;0.980000000000018
"6451703";1;2;0.0836135913293864;0.158181371993946;0.00904297306460217;0.0950945480277506;0.57707447393073;0.164787306186004;0.599999999999909;0;1.01000000000022
"6451703";1;3;0.0871692413387866;0.164486280513627;0.0104413457841969;0.10218290358077;0.57707447393073;0.177070565753417;0.630000000000109;0;1.00999999999976
"6451703";1;4;0.0912936174232128;0.173879157914914;0.0118640330817968;0.10892214229346;0.57707447393073;0.188748848223245;0.610000000000127;0.00999999999999801;1.02999999999975
"6452755";1;0;NA;NA;NA;NA;NA;NA;0.700000000000273;0;1.10999999999967
"6452755";1;1;NA;NA;NA;NA;NA;NA;0.769999999999982;0.0200000000000031;1.44999999999982
"6452755";1;2;NA;NA;NA;NA;NA;NA;0.730000000000018;0;1.13000000000011
"6452755";1;3;NA;NA;NA;NA;NA;NA;0.690000000000055;0;1.07999999999993
"6452755";1;4;NA;NA;NA;NA;NA;NA;0.730000000000018;0.029999999999994;1.11000000000013
"6453070";1;0;NA;NA;NA;NA;NA;NA;0.739999999999782;0.0200000000000031;1.13999999999987
"6453070";1;1;NA;NA;NA;NA;NA;NA;0.730000000000018;0.0399999999999991;1.07000000000016
"6453070";1;2;NA;NA;NA;NA;NA;NA;0.799999999999727;0.0200000000000031;1.09999999999991
"6453070";1;3;NA;NA;NA;NA;NA;NA;0.799999999999727;0.00999999999999801;1.09999999999991
"6453070";1;4;NA;NA;NA;NA;NA;NA;0.739999999999782;0.0200000000000031;1.09999999999991
"6453255";1;0;NA;NA;NA;NA;NA;NA;0.700000000000273;0.00999999999999801;1.12999999999965
"6453255";1;1;NA;NA;NA;NA;NA;NA;0.800000000000182;0.0399999999999991;1.10999999999967
"6453255";1;2;NA;NA;NA;NA;NA;NA;0.670000000000073;0.00999999999999801;1.10999999999967
"6453255";1;3;NA;NA;NA;NA;NA;NA;0.769999999999982;0.0200000000000031;1.07999999999993
"6453255";1;4;NA;NA;NA;NA;NA;NA;0.659999999999855;0;1.08999999999969
"6453259";1;0;NA;NA;NA;NA;NA;NA;0.690000000000055;0.00999999999999801;1.11000000000013
"6453259";1;1;NA;NA;NA;NA;NA;NA;0.779999999999745;0;1.11000000000013
"6453259";1;2;NA;NA;NA;NA;NA;NA;0.75;0;1.13000000000011
"6453259";1;3;NA;NA;NA;NA;NA;NA;0.670000000000073;0.0200000000000031;1.11000000000013
"6453259";1;4;NA;NA;NA;NA;NA;NA;0.679999999999836;0;1.10000000000036
"6453523";1;0;NA;NA;NA;NA;NA;NA;0.700000000000273;0.029999999999994;1.09000000000015
"6453523";1;1;NA;NA;NA;NA;NA;NA;0.7199999999998;0;1.10000000000036
"6453523";1;2;NA;NA;NA;NA;NA;NA;0.6899999999996;0.0600000000000023;1.09000000000015
"6453523";1;3;NA;NA;NA;NA;NA;NA;0.720000000000255;0;1.07999999999993
"6453523";1;4;NA;NA;NA;NA;NA;NA;0.730000000000018;0.0200000000000031;1.13000000000011
"6456676";1;0;NA;NA;NA;NA;NA;NA;0.710000000000036;0.0300000000000011;1.12000000000035
"6456676";1;1;NA;NA;NA;NA;NA;NA;0.739999999999782;0.00999999999999801;1.15999999999985
"6456676";1;2;NA;NA;NA;NA;NA;NA;0.769999999999982;0;1.10999999999967
"6456676";1;3;NA;NA;NA;NA;NA;NA;0.740000000000237;0;1.08999999999969
"6456676";1;4;NA;NA;NA;NA;NA;NA;0.679999999999836;0;1.08999999999969
"6456677";1;0;NA;NA;NA;NA;NA;NA;0.779999999999745;0;1.11999999999989
"6456677";1;1;NA;NA;NA;NA;NA;NA;0.720000000000255;0;1.09000000000015
"6456677";1;2;NA;NA;NA;NA;NA;NA;0.659999999999855;0.019999999999996;1.07999999999993
"6456677";1;3;NA;NA;NA;NA;NA;NA;0.720000000000255;0.0300000000000011;1.09999999999991
"6456677";1;4;NA;NA;NA;NA;NA;NA;0.730000000000018;0.0399999999999991;1.11000000000013
"6456678";1;0;NA;NA;NA;NA;NA;NA;0.7199999999998;0.019999999999996;1.11000000000013
"6456678";1;1;NA;NA;NA;NA;NA;NA;0.699999999999818;0.0300000000000011;1.05999999999995
"6456678";1;2;NA;NA;NA;NA;NA;NA;0.680000000000291;0;1.13000000000011
"6456678";1;3;NA;NA;NA;NA;NA;NA;0.710000000000036;0.0200000000000031;1.12000000000035
"6456678";1;4;NA;NA;NA;NA;NA;NA;0.690000000000055;0.00999999999999801;1.11000000000013
"6456681";1;0;NA;NA;NA;NA;NA;NA;0.660000000000309;0.0300000000000011;1.11000000000013
"6456681";1;1;NA;NA;NA;NA;NA;NA;0.769999999999982;0;1.09000000000015
"6456681";1;2;NA;NA;NA;NA;NA;NA;0.710000000000036;0.0200000000000031;1.10000000000036
"6456681";1;3;NA;NA;NA;NA;NA;NA;0.699999999999818;0.00999999999999801;1.11000000000013
"6456681";1;4;NA;NA;NA;NA;NA;NA;0.670000000000073;0.019999999999996;1.09000000000015
"6456682";1;0;NA;NA;NA;NA;NA;NA;0.739999999999782;0;1.09999999999991
"6456682";1;1;NA;NA;NA;NA;NA;NA;0.690000000000055;0.0200000000000031;1.07999999999993
"6456682";1;2;NA;NA;NA;NA;NA;NA;0.75;0.00999999999999801;1.11000000000013
"6456682";1;3;NA;NA;NA;NA;NA;NA;0.690000000000055;0;1.11000000000013
"6456682";1;4;NA;NA;NA;NA;NA;NA;0.75;0;1.13999999999987
"6457709";1;0;NA;NA;NA;NA;NA;NA;0.75;0;1.13999999999987
"6457709";1;1;NA;NA;NA;NA;NA;NA;0.730000000000018;0;1.11000000000013
"6457709";1;2;NA;NA;NA;NA;NA;NA;0.7199999999998;0.0300000000000011;1.09000000000015
"6457709";1;3;NA;NA;NA;NA;NA;NA;0.710000000000036;0.0200000000000031;1.11000000000013
"6457709";1;4;NA;NA;NA;NA;NA;NA;0.720000000000255;0.00999999999999801;1.11000000000013
"6459510";1;0;NA;NA;NA;NA;NA;NA;0.710000000000036;0.0499999999999972;1.17000000000007
"6459510";1;1;NA;NA;NA;NA;NA;NA;0.679999999999836;0;1.07999999999993
"6459510";1;2;NA;NA;NA;NA;NA;NA;0.7199999999998;0;1.07999999999993
"6459510";1;3;NA;NA;NA;NA;NA;NA;0.739999999999782;0.0300000000000011;1.11000000000013
"6459510";1;4;NA;NA;NA;NA;NA;NA;0.699999999999818;0;1.13999999999987
"6461478";1;0;NA;NA;NA;NA;NA;NA;0.739999999999782;0;1.09999999999991
"6461478";1;1;NA;NA;NA;NA;NA;NA;0.75;0;1.09999999999991
"6461478";1;2;NA;NA;NA;NA;NA;NA;0.730000000000018;0;1.07999999999993
"6461478";1;3;NA;NA;NA;NA;NA;NA;0.659999999999855;0.0300000000000011;1.09000000000015
"6461478";1;4;NA;NA;NA;NA;NA;NA;0.710000000000036;0.0300000000000011;1.13000000000011
"6462152";1;0;NA;NA;NA;NA;NA;NA;0.679999999999836;0;1.14999999999964
"6462152";1;1;NA;NA;NA;NA;NA;NA;0.690000000000055;0.0399999999999991;1.09999999999991
"6462152";1;2;NA;NA;NA;NA;NA;NA;0.769999999999982;0.00999999999999801;1.11000000000013
"6462152";1;3;NA;NA;NA;NA;NA;NA;0.799999999999727;0.0500000000000043;1.11999999999989
"6462152";1;4;NA;NA;NA;NA;NA;NA;0.699999999999818;0.029999999999994;1.10999999999967
"6462640";1;0;0.0878746957974514;0.17883046164109;0.0103954419354312;0.101958040072528;0.539656194193023;0.188931473722805;0.679999999999836;0;0.980000000000018
"6462640";1;1;0.0912284862560772;0.186434866308004;0.0118495311017777;0.108855551543216;0.539656194193023;0.201712780682511;0.619999999999891;0.0200000000000031;0.910000000000309
"6462640";1;2;0.102944938567868;0.203203278958735;0.0152835460025764;0.123626639534432;0.539656194193023;0.229084074017343;0.609999999999673;0.00999999999999801;1.01999999999998
"6462640";1;3;0.0971553706628349;0.199334755395221;0.0138018951419211;0.117481467227479;0.539656194193023;0.217696875328476;0.609999999999673;0.0200000000000031;1.0300000000002
"6462640";1;4;0.0896395382830547;0.185961721576848;0.0116550029439831;0.107958338927492;0.539656194193023;0.200050217322026;0.609999999999673;0.00999999999999801;0.980000000000018
"6466823";1;0;NA;NA;NA;NA;NA;NA;0.730000000000018;0.0200000000000031;1.09999999999991
"6466823";1;1;NA;NA;NA;NA;NA;NA;0.800000000000182;0.00999999999999801;1.11000000000013
"6466823";1;2;NA;NA;NA;NA;NA;NA;0.7800000000002;0.0300000000000011;1.09999999999991
"6466823";1;3;NA;NA;NA;NA;NA;NA;0.679999999999836;0.0399999999999991;1.09999999999991
"6466823";1;4;NA;NA;NA;NA;NA;NA;0.7199999999998;0;1.09999999999991
"6466825";1;0;NA;NA;NA;NA;NA;NA;0.740000000000237;0.00999999999999801;1.11000000000013
"6466825";1;1;NA;NA;NA;NA;NA;NA;0.75;0.0500000000000043;1.07999999999993
"6466825";1;2;NA;NA;NA;NA;NA;NA;0.699999999999818;0.029999999999994;1.09999999999991
"6466825";1;3;NA;NA;NA;NA;NA;NA;0.690000000000055;0.0300000000000011;1.11000000000013
"6466825";1;4;NA;NA;NA;NA;NA;NA;0.819999999999709;0.0200000000000031;1.17000000000007
"6467039";1;0;NA;NA;NA;NA;NA;NA;0.739999999999782;0.0300000000000011;1.11000000000013
"6467039";1;1;NA;NA;NA;NA;NA;NA;0.730000000000018;0;1.09000000000015
"6467039";1;2;NA;NA;NA;NA;NA;NA;0.699999999999818;0.0300000000000011;1.09000000000015
"6467039";1;3;NA;NA;NA;NA;NA;NA;0.680000000000291;0.029999999999994;1.13000000000011
"6467039";1;4;NA;NA;NA;NA;NA;NA;0.7199999999998;0.0200000000000031;1.11000000000013
"6470504";1;0;NA;NA;NA;NA;NA;NA;0.760000000000218;0.0300000000000011;1.09000000000015
"6470504";1;1;NA;NA;NA;NA;NA;NA;0.75;0.0399999999999991;1.09999999999991
"6470504";1;2;NA;NA;NA;NA;NA;NA;0.720000000000255;0.019999999999996;1.09000000000015
"6470504";1;3;NA;NA;NA;NA;NA;NA;0.75;0.0200000000000031;1.12000000000035
"6470504";1;4;NA;NA;NA;NA;NA;NA;0.700000000000273;0.0399999999999991;1.38999999999987
"6472805";1;0;NA;NA;NA;NA;NA;NA;0.75;0;1.10999999999967
"6472805";1;1;NA;NA;NA;NA;NA;NA;0.699999999999818;0;1.10999999999967
"6472805";1;2;NA;NA;NA;NA;NA;NA;0.710000000000036;0.0200000000000031;1.12999999999965
"6472805";1;3;NA;NA;NA;NA;NA;NA;0.720000000000255;0;1.07999999999993
"6472805";1;4;NA;NA;NA;NA;NA;NA;0.679999999999836;0.0300000000000011;1.08999999999969
"6473003";1;0;0.080596713878543;0.267821288800552;0.0168043089286702;0.129631434955686;0.606926420133111;0.213586739109586;0.630000000000109;0.029999999999994;1
"6473003";1;1;0.0981910115786581;0.293862149731178;0.0197732701154767;0.140617460208456;0.606926420133111;0.231687821692811;0.640000000000327;0;0.900000000000091
"6473003";1;2;0.0883833960568793;0.281122946683825;0.0182753675720219;0.135186417853355;0.606926420133111;0.222739385482191;0.610000000000127;0;0.940000000000055
"6473003";1;3;0.0883139831983625;0.27997068743415;0.0179037105294557;0.133804747783685;0.606926420133111;0.220462882064583;0.639999999999873;0.0300000000000011;0.970000000000255
"6473003";1;4;0.0847156107290445;0.27362206111777;0.0172771396542477;0.13144253365729;0.606926420133111;0.216570788973829;0.610000000000127;0;1.03999999999996
"6477901";1;0;NA;NA;NA;NA;NA;NA;0.75;0.0200000000000031;1.11000000000013
"6477901";1;1;NA;NA;NA;NA;NA;NA;0.639999999999873;0.0300000000000011;1.05999999999995
"6477901";1;2;NA;NA;NA;NA;NA;NA;0.700000000000273;0;1.08999999999969
"6477901";1;3;NA;NA;NA;NA;NA;NA;0.699999999999818;0;1.10999999999967
"6477901";1;4;NA;NA;NA;NA;NA;NA;0.759999999999764;0.029999999999994;1.17999999999984
"6478559";1;0;NA;NA;NA;NA;NA;NA;0.75;0.0200000000000031;1.11000000000013
"6478559";1;1;NA;NA;NA;NA;NA;NA;0.720000000000255;0.00999999999999801;1.07999999999993
"6478559";1;2;NA;NA;NA;NA;NA;NA;0.659999999999855;0.0200000000000031;1.09999999999991
"6478559";1;3;NA;NA;NA;NA;NA;NA;0.730000000000018;0;1.11000000000013
"6478559";1;4;NA;NA;NA;NA;NA;NA;0.730000000000018;0.00999999999999801;1.09000000000015
"6481231";1;0;NA;NA;NA;NA;NA;NA;0.699999999999818;0.0200000000000031;1.10000000000036
"6481231";1;1;NA;NA;NA;NA;NA;NA;0.6899999999996;0.0300000000000011;1.09000000000015
"6481231";1;2;NA;NA;NA;NA;NA;NA;0.740000000000237;0;1.11999999999989
"6481231";1;3;NA;NA;NA;NA;NA;NA;0.699999999999818;0;1.11000000000013
"6481231";1;4;NA;NA;NA;NA;NA;NA;0.730000000000018;0.00999999999999801;1.11000000000013
"6483443";1;0;NA;NA;NA;NA;NA;NA;0.730000000000018;0.019999999999996;1.10999999999967
"6483443";1;1;NA;NA;NA;NA;NA;NA;0.730000000000018;0;1.08999999999969
"6483443";1;2;NA;NA;NA;NA;NA;NA;0.699999999999818;0.0200000000000031;1.10999999999967
"6483443";1;3;NA;NA;NA;NA;NA;NA;0.690000000000055;0.00999999999999801;1.11000000000013
"6483443";1;4;NA;NA;NA;NA;NA;NA;0.75;0;1.09999999999991
"6484593";1;0;0.0764890377248539;0.333436684861349;0.00871547858960038;0.093356727607604;0.273819167996269;0.340942996397083;0.610000000000127;0;1
"6484593";1;1;0.0821817520526458;0.351728508120742;0.00994334852922109;0.0997163403320694;0.273819167996269;0.364168590028833;0.590000000000146;0;0.920000000000073
"6484593";1;2;0.0843021988875641;0.344310795181764;0.00996892155130991;0.0998444868348268;0.273819167996269;0.364636586859352;0.559999999999945;0.0200000000000031;0.960000000000036
"6484593";1;3;0.0846429584176399;0.346346709472056;0.0100790118455223;0.100394281936385;0.273819167996269;0.366644463464854;0.609999999999673;0.00999999999999801;0.980000000000018
"6484593";1;4;0.0827066285344602;0.360365671615103;0.00921852822053397;0.0960131669123249;0.273819167996269;0.350644433020968;0.610000000000127;0;1.0300000000002
"6491890";1;0;NA;NA;NA;NA;NA;NA;0.659999999999855;0.0300000000000011;1.10999999999967
"6491890";1;1;NA;NA;NA;NA;NA;NA;0.690000000000055;0.019999999999996;1.05999999999995
"6491890";1;2;NA;NA;NA;NA;NA;NA;0.769999999999982;0.0500000000000043;1.07999999999993
"6491890";1;3;NA;NA;NA;NA;NA;NA;0.730000000000018;0;1.11000000000013
"6491890";1;4;NA;NA;NA;NA;NA;NA;0.75;0.00999999999999801;1.12999999999965
"6496354";1;0;NA;NA;NA;NA;NA;NA;0.720000000000255;0;1.15000000000009
"6496354";1;1;NA;NA;NA;NA;NA;NA;0.740000000000237;0.0300000000000011;1.07000000000016
"6496354";1;2;NA;NA;NA;NA;NA;NA;0.740000000000237;0;1.07999999999993
"6496354";1;3;NA;NA;NA;NA;NA;NA;0.670000000000073;0.0200000000000031;1.08999999999969
"6496354";1;4;NA;NA;NA;NA;NA;NA;0.710000000000036;0;1.11999999999989
"6501672";1;0;NA;NA;NA;NA;NA;NA;0.7199999999998;0.0499999999999972;1.15000000000009
"6501672";1;1;NA;NA;NA;NA;NA;NA;0.670000000000073;0;1.08000000000038
"6501672";1;2;NA;NA;NA;NA;NA;NA;0.650000000000091;0.0399999999999991;1.07999999999993
"6501672";1;3;NA;NA;NA;NA;NA;NA;0.75;0.0200000000000031;1.11999999999989
"6501672";1;4;NA;NA;NA;NA;NA;NA;0.690000000000055;0.0499999999999972;1.12999999999965
"6502323";1;0;NA;NA;NA;NA;NA;NA;0.730000000000018;0.0300000000000011;1.11999999999989
"6502323";1;1;NA;NA;NA;NA;NA;NA;0.730000000000018;0.00999999999999801;1.40999999999985
"6502323";1;2;NA;NA;NA;NA;NA;NA;0.639999999999873;0.0300000000000011;1.09000000000015
"6502323";1;3;NA;NA;NA;NA;NA;NA;0.730000000000018;0;1.11000000000013
"6502323";1;4;NA;NA;NA;NA;NA;NA;0.75;0.0200000000000031;1.12000000000035
"6502668";1;0;NA;NA;NA;NA;NA;NA;0.710000000000036;0;1.11000000000013
"6502668";1;1;NA;NA;NA;NA;NA;NA;0.700000000000273;0.029999999999994;1.09999999999991
"6502668";1;2;NA;NA;NA;NA;NA;NA;0.659999999999855;0.0200000000000031;1.07999999999993
"6502668";1;3;NA;NA;NA;NA;NA;NA;0.75;0;1.13999999999942
"6502668";1;4;NA;NA;NA;NA;NA;NA;0.75;0.00999999999999801;1.21000000000004
"6505874";1;0;NA;NA;NA;NA;NA;NA;0.779999999999745;0.0200000000000031;1.10999999999967
"6505874";1;1;NA;NA;NA;NA;NA;NA;0.690000000000055;0.0300000000000011;1.07999999999993
"6505874";1;2;NA;NA;NA;NA;NA;NA;0.670000000000073;0.00999999999999801;1.08999999999924
"6505874";1;3;NA;NA;NA;NA;NA;NA;0.710000000000036;0;1.06999999999971
"6505874";1;4;NA;NA;NA;NA;NA;NA;0.740000000000237;0.019999999999996;1.09999999999945
"6506990";1;0;0.0193771220825091;0.0847245732313921;0.000635922039152198;0.0252174947041176;0.210253217863245;0.119938686125222;0.619999999999891;0;1
"6506990";1;1;0.0224205363578397;0.103986670791665;0.000795570744566534;0.028205863655746;0.210253217863245;0.13415187621096;0.650000000000091;0;0.919999999999163
"6506990";1;2;0.0155301928750908;0.0725153097225408;0.000406154739847846;0.0201532811186627;0.210253217863245;0.0958524265334718;0.849999999999909;0;1.10999999999967
"6506990";1;3;0.014796509188711;0.0677505964736084;0.000415493726489829;0.0203836632254811;0.210253217863245;0.0969481629467343;0.559999999999945;0.0300000000000011;0.969999999999345
"6506990";1;4;0.0197267850231154;0.0872490737549602;0.000682968075783788;0.0261336579105143;0.210253217863245;0.124296113876899;0.610000000000127;0.0200000000000031;0.979999999999563
"6507780";1;0;0.0277029263847674;0.118638231933645;0.00112199419457636;0.0334961817910096;0.236031116590042;0.141914262301222;0.559999999999945;0;1.01999999999953
"6507780";1;1;0.024390476983795;0.100567142183866;0.000848422449082721;0.0291276921345087;0.236031116590042;0.123406153202673;0.639999999999873;0;1
"6507780";1;2;0.0244504557328643;0.101801168609092;0.000893334081194285;0.0298886948727154;0.236031116590042;0.126630315970705;0.599999999999909;0.00999999999999801;1
"6507780";1;3;0.0239672812183393;0.0987150768979598;0.000840703126353766;0.0289948810370687;0.236031116590042;0.122843468505169;0.609999999999673;0.0200000000000031;1.28999999999996
"6507780";1;4;0.018697782086997;0.0765326763996535;0.000590702737583687;0.0243043769223506;0.236031116590042;0.102971071244663;0.599999999999909;0.0300000000000011;1.01999999999953
"6507785";1;0;NA;NA;NA;NA;NA;NA;0.7199999999998;0.0499999999999972;1.14000000000033
"6507785";1;1;NA;NA;NA;NA;NA;NA;0.710000000000036;0.0399999999999991;1.10000000000036
"6507785";1;2;NA;NA;NA;NA;NA;NA;0.720000000000255;0;1.10000000000036
"6507785";1;3;NA;NA;NA;NA;NA;NA;0.779999999999745;0.0200000000000031;1.39000000000033
"6507785";1;4;NA;NA;NA;NA;NA;NA;0.7199999999998;0.00999999999999801;1.15999999999985
"6515860";1;0;0.074666014347129;0.137104263815851;0.00715887909566283;0.0846101595298273;0.598165486256281;0.14144941738343;0.639999999999873;0.019999999999996;1.07000000000062
"6515860";1;1;0.0656042194172204;0.125293435625647;0.00667228321183857;0.0816840450261774;0.598165486256281;0.136557603042948;0.609999999999673;0;1.26999999999953
"6515860";1;2;0.0682693399035738;0.128972271647347;0.00633822821494045;0.0796129902399128;0.598165486256281;0.13309525886922;0.669999999999618;0;1
"6515860";1;3;0.0678226561851448;0.126962964588517;0.0059867609860393;0.0773741622638934;0.598165486256281;0.129352435139902;0.609999999999673;0.0500000000000043;1
"6515860";1;4;0.0665388688272618;0.124706003792385;0.00581523819834599;0.0762577091076436;0.598165486256281;0.127485973129134;0.629999999999654;0.0200000000000031;1.03999999999996
"6515865";1;0;NA;NA;NA;NA;NA;NA;0.710000000000036;0;1.09000000000015
"6515865";1;1;NA;NA;NA;NA;NA;NA;0.730000000000018;0.00999999999999801;1.10000000000036
"6515865";1;2;NA;NA;NA;NA;NA;NA;0.730000000000018;0.0300000000000011;1.07999999999993
"6515865";1;3;NA;NA;NA;NA;NA;NA;0.75;0.0399999999999991;1.13000000000011
"6515865";1;4;NA;NA;NA;NA;NA;NA;0.710000000000036;0.0300000000000011;1.1200000000008
"6523676";1;0;NA;NA;NA;NA;NA;NA;0.699999999999818;0.00999999999999801;1.14000000000033
"6523676";1;1;NA;NA;NA;NA;NA;NA;0.75;0.0300000000000011;1.09000000000015
"6523676";1;2;NA;NA;NA;NA;NA;NA;0.730000000000018;0;1.07999999999993
"6523676";1;3;NA;NA;NA;NA;NA;NA;0.699999999999818;0;1.13999999999942
"6523676";1;4;NA;NA;NA;NA;NA;NA;0.7199999999998;0;1.11999999999989
"6524125";1;0;0.0855116663706476;0.652634334146778;0.0183769021162335;0.135561432997123;0.483739715173013;0.280236310447735;0.610000000000127;0.019999999999996;1.02000000000044
"6524125";1;1;0.0901081562764755;0.680971971978942;0.0194711782886787;0.139539163995914;0.483739715173013;0.288459185010284;0.599999999999909;0.0200000000000031;0.940000000000509
"6524125";1;2;0.10316414095237;0.683059130326722;0.0203556106454733;0.142673090123798;0.483739715173013;0.294937723012405;0.610000000000127;0.00999999999999801;0.990000000000691
"6524125";1;3;0.105197157556564;0.711814851256804;0.0216611683230051;0.147177336308975;0.483739715173013;0.304249024201654;0.550000000000182;0.0300000000000011;0.980000000000473
"6524125";1;4;0.0987031389418836;0.707909847767709;0.0214600845706756;0.146492609269805;0.483739715173013;0.302833537695805;0.639999999999873;0;1
"6528098";1;0;0.0393388159789467;0.088169390286668;0.0022406607387149;0.0473356180768235;0.430967979585839;0.109835580180024;0.599999999999909;0.0200000000000031;0.979999999999563
"6528098";1;1;0.0375236667808526;0.0834916286746586;0.00241549199179809;0.0491476549979558;0.430967979585839;0.114040154549734;0.640000000000327;0;1
"6528098";1;2;0.0379356964233134;0.082832872764785;0.00274734787034241;0.0524151492446832;0.430967979585839;0.121621910971331;0.650000000000091;0.00999999999999801;1.02999999999975
"6528098";1;3;0.0317819767846953;0.069368662661494;0.00207999778456545;0.0456069927156511;0.430967979585839;0.105824550490919;0.610000000000127;0;1.02999999999975
"6528098";1;4;0.0344488312631553;0.0743859241288486;0.00223818031914049;0.0473094104712846;0.430967979585839;0.109774769152801;0.559999999999945;0.0200000000000031;1
"6530198";1;0;NA;NA;NA;NA;NA;NA;0.75;0;1.11999999999989
"6530198";1;1;NA;NA;NA;NA;NA;NA;0.7199999999998;0;1.09999999999945
"6530198";1;2;NA;NA;NA;NA;NA;NA;0.730000000000018;0.00999999999999801;1.10999999999967
"6530198";1;3;NA;NA;NA;NA;NA;NA;0.7199999999998;0.0399999999999991;1.13999999999942
"6530198";1;4;NA;NA;NA;NA;NA;NA;0.699999999999818;0.00999999999999801;1.11000000000058
"6533395";1;0;NA;NA;NA;NA;NA;NA;0.690000000000055;0.0300000000000011;1.10999999999967
"6533395";1;1;NA;NA;NA;NA;NA;NA;0.690000000000055;0.0200000000000031;1.07999999999993
"6533395";1;2;NA;NA;NA;NA;NA;NA;0.720000000000255;0;1.09000000000015
"6533395";1;3;NA;NA;NA;NA;NA;NA;0.690000000000055;0.00999999999999801;1.13000000000011
"6533395";1;4;NA;NA;NA;NA;NA;NA;0.699999999999818;0.019999999999996;1.09000000000015
"6536623";1;0;NA;NA;NA;NA;NA;NA;0.699999999999818;0.0300000000000011;1.11999999999989
"6536623";1;1;NA;NA;NA;NA;NA;NA;0.75;0.0200000000000031;1.07999999999993
"6536623";1;2;NA;NA;NA;NA;NA;NA;0.699999999999818;0.0300000000000011;1.10999999999967
"6536623";1;3;NA;NA;NA;NA;NA;NA;0.75;0;1.10999999999967
"6536623";1;4;NA;NA;NA;NA;NA;NA;0.760000000000218;0;1.10999999999967
"6543897";1;0;NA;NA;NA;NA;NA;NA;0.739999999999782;0;1.13000000000011
"6543897";1;1;NA;NA;NA;NA;NA;NA;0.739999999999782;0;1.06999999999971
"6543897";1;2;NA;NA;NA;NA;NA;NA;0.710000000000036;0;1.07999999999993
"6543897";1;3;NA;NA;NA;NA;NA;NA;0.720000000000255;0.0200000000000031;1.09000000000015
"6543897";1;4;NA;NA;NA;NA;NA;NA;0.730000000000018;0.00999999999999801;1.1299999999992
"6544813";1;0;NA;NA;NA;NA;NA;NA;0.710000000000036;0.019999999999996;1.11999999999989
"6544813";1;1;NA;NA;NA;NA;NA;NA;0.730000000000018;0.0200000000000031;1.51999999999953
"6544813";1;2;NA;NA;NA;NA;NA;NA;0.720000000000255;0.00999999999999801;1.07999999999993
"6544813";1;3;NA;NA;NA;NA;NA;NA;0.700000000000273;0.0300000000000011;1.11000000000058
"6544813";1;4;NA;NA;NA;NA;NA;NA;0.670000000000073;0.0499999999999972;1.11999999999989
"6547404";1;0;NA;NA;NA;NA;NA;NA;0.710000000000036;0.00999999999999801;1.16000000000076
"6547404";1;1;NA;NA;NA;NA;NA;NA;0.769999999999982;0;1.06999999999971
"6547404";1;2;NA;NA;NA;NA;NA;NA;0.670000000000073;0;1.07999999999993
"6547404";1;3;NA;NA;NA;NA;NA;NA;0.769999999999982;0;1.10000000000036
"6547404";1;4;NA;NA;NA;NA;NA;NA;0.7199999999998;0.0200000000000031;1.17000000000007
"6548037";1;0;NA;NA;NA;NA;NA;NA;0.7199999999998;0.0600000000000023;1.10999999999967
"6548037";1;1;NA;NA;NA;NA;NA;NA;0.759999999999764;0;1.07999999999993
"6548037";1;2;NA;NA;NA;NA;NA;NA;0.75;0.00999999999999801;1.15999999999985
"6548037";1;3;NA;NA;NA;NA;NA;NA;0.7199999999998;0;1.13000000000011
"6548037";1;4;NA;NA;NA;NA;NA;NA;0.75;0.019999999999996;1.11999999999989
"6548038";1;0;0.0477227151511354;0.156674589377651;0.00295480032963838;0.0543580751097607;0.306094495693686;0.177585928118609;0.610000000000127;0.0200000000000031;0.969999999999345
"6548038";1;1;0.0333663345784085;0.111167008862353;0.00134969009888134;0.0367381286796339;0.306094495693686;0.120022180066898;0.660000000000309;0;0.920000000000073
"6548038";1;2;0.0297408956834219;0.0999022177138919;0.00115388566871484;0.0339688926624763;0.306094495693686;0.110975182959414;0.619999999999891;0.0300000000000011;0.9399999999996
"6548038";1;3;0.0361073157624434;0.122679585112214;0.00187065013249896;0.0432510130806084;0.306094495693686;0.141299545366181;0.590000000000146;0.00999999999999801;0.970000000000255
"6548038";1;4;0.0373144593209996;0.130064710238565;0.00212076240153339;0.0460517361402737;0.306094495693686;0.150449409539068;0.639999999999873;0;1
"6551656";1;0;NA;NA;NA;NA;NA;NA;0.7199999999998;0.0200000000000031;1.10999999999967
"6551656";1;1;NA;NA;NA;NA;NA;NA;0.699999999999818;0.0499999999999972;1.10000000000036
"6551656";1;2;NA;NA;NA;NA;NA;NA;0.720000000000255;0.00999999999999801;1.07999999999993
"6551656";1;3;NA;NA;NA;NA;NA;NA;0.75;0.0300000000000011;1.10999999999967
"6551656";1;4;NA;NA;NA;NA;NA;NA;0.75;0;1.10000000000036
"6552773";1;0;0.0642162198341301;0.132640738563248;0.00674423175365376;0.0821232716935569;0.526851969509923;0.155875419370545;0.620000000000346;0;1
"6552773";1;1;0.0588337773713283;0.122215897869999;0.00609812653802978;0.0780905022267739;0.526851969509923;0.148220955308212;0.710000000000036;0;0.900000000000546
"6552773";1;2;0.0597608623007368;0.124841778147752;0.00653806721688449;0.0808583156940861;0.526851969509923;0.153474448941133;0.650000000000091;0;0.960000000000036
"6552773";1;3;0.0648744917426934;0.134292206532408;0.00745172497940254;0.086323374467189;0.526851969509923;0.163847493153507;0.579999999999927;0.0200000000000031;0.960000000000036
"6552773";1;4;0.0658905871042866;0.136610111011081;0.00704754227416831;0.083949641298628;0.526851969509923;0.159341990078765;0.569999999999709;0;0.970000000000255
"6558924";1;0;0.031843356348016;0.223318259851291;0.00416150057146683;0.0645096936240348;0.17204756788315;0.374952662323293;0.559999999999945;0.00999999999999801;0.980000000000473
"6558924";1;1;0.0316290744365161;0.217594535763381;0.00338665774459335;0.0581949975908011;0.17204756788315;0.338249463836219;0.539999999999964;0.0499999999999972;0.920000000000073
"6558924";1;2;0.0307539816816363;0.218822328123351;0.00352001668392461;0.0593297285003447;0.17204756788315;0.34484491254558;0.570000000000164;0.0200000000000031;0.920000000000073
"6558924";1;3;0.0345997063277233;0.245316784136345;0.00448356381523039;0.0669594191673613;0.17204756788315;0.389191314885882;0.590000000000146;0.00999999999999801;0.930000000000291
"6558924";1;4;0.0320888231965342;0.233259681494147;0.00415907019898074;0.0644908536071646;0.17204756788315;0.374843157625831;0.630000000000109;0.0500000000000043;1
"6559630";1;0;0.0457600481335059;0.111851117825229;0.00299123267589596;0.0546921628379785;0.41294570421731;0.132443956383179;0.620000000000346;0;1.02999999999975
"6559630";1;1;0.0540379275227626;0.129237596553783;0.00455133586128313;0.0674635891520984;0.41294570421731;0.163371572734889;0.659999999999855;0;0.949999999999818
"6559630";1;2;0.0479252088219094;0.118339250699061;0.00296642200766259;0.0544648694817365;0.41294570421731;0.131893536911755;0.579999999999927;0.00999999999999801;1.24000000000069
"6559630";1;3;0.0488565424470757;0.132270338373876;0.00329865819586162;0.0574339463719987;0.41294570421731;0.139083530317522;0.590000000000146;0.0399999999999991;0.989999999999782
"6559630";1;4;0.0477701957687335;0.128170345257925;0.00307915796777127;0.0554901609996878;0.41294570421731;0.134376409375326;0.619999999999891;0;0.979999999999563
"6560222";1;0;0.100361868636771;0.573005316411505;0.0273233827841613;0.165297860797293;0.559486091557894;0.295445880230945;0.639999999999873;0.00999999999999801;1.32000000000062
"6560222";1;1;0.0834271511527468;0.565461718352507;0.0267342343441956;0.163506068218264;0.559486091557894;0.292243311648695;0.609999999999673;0.0200000000000031;0.960000000000036
"6560222";1;2;0.0828563169594918;0.521792503382612;0.0229431369009131;0.151469920779385;0.559486091557894;0.270730449004756;0.629999999999654;0;0.949999999999818
"6560222";1;3;0.0963964166019042;0.557472434859008;0.0255959223389513;0.159987256801757;0.559486091557894;0.285953948124557;0.579999999999927;0;0.960000000000036
"6560222";1;4;0.103357654467245;0.544941213390793;0.0251642206194966;0.158632344178281;0.559486091557894;0.283532238909761;0.629999999999654;0.00999999999999801;0.989999999999782
"6560231";1;0;NA;NA;NA;NA;NA;NA;0.75;0;1.09999999999945
"6560231";1;1;NA;NA;NA;NA;NA;NA;0.699999999999818;0;1.11999999999989
"6560231";1;2;NA;NA;NA;NA;NA;NA;0.75;0;1.07999999999993
"6560231";1;3;NA;NA;NA;NA;NA;NA;0.699999999999818;0.0200000000000031;1.10999999999967
"6560231";1;4;NA;NA;NA;NA;NA;NA;0.660000000000309;0.00999999999999801;1.10999999999967
"6564834";1;0;NA;NA;NA;NA;NA;NA;0.710000000000036;0;1.10999999999967
"6564834";1;1;NA;NA;NA;NA;NA;NA;0.779999999999745;0.0200000000000031;1.07999999999993
"6564834";1;2;NA;NA;NA;NA;NA;NA;0.860000000000127;0.00999999999999801;1.27000000000044
"6564834";1;3;NA;NA;NA;NA;NA;NA;0.7199999999998;0;1.11000000000058
"6564834";1;4;NA;NA;NA;NA;NA;NA;0.710000000000036;0;1.10000000000036
"6566575";1;0;NA;NA;NA;NA;NA;NA;0.7800000000002;0.019999999999996;1.10000000000036
"6566575";1;1;NA;NA;NA;NA;NA;NA;0.700000000000273;0;1.07999999999993
"6566575";1;2;NA;NA;NA;NA;NA;NA;0.6899999999996;0.0300000000000011;1.10999999999967
"6566575";1;3;NA;NA;NA;NA;NA;NA;0.730000000000018;0;1.14000000000033
"6566575";1;4;NA;NA;NA;NA;NA;NA;0.670000000000073;0.0300000000000011;1.10999999999967
"6587228";1;0;NA;NA;NA;NA;NA;NA;0.760000000000218;0.0200000000000031;1.16999999999916
"6587228";1;1;NA;NA;NA;NA;NA;NA;0.710000000000036;0.00999999999999801;1.07999999999993
"6587228";1;2;NA;NA;NA;NA;NA;NA;0.7199999999998;0.019999999999996;1.07999999999993
"6587228";1;3;NA;NA;NA;NA;NA;NA;0.700000000000273;0.0200000000000031;1.07999999999993
"6587228";1;4;NA;NA;NA;NA;NA;NA;0.690000000000055;0.0300000000000011;1.11000000000058
"6587395";1;0;0.0442431086585479;0.142154808692015;0.00261802263838097;0.0511666164445234;0.304031763448782;0.168293654137039;0.580000000000382;0.00999999999999801;0.979999999999563
"6587395";1;1;0.0440998129009127;0.142950116483288;0.00269646446864084;0.051927492416261;0.304031763448782;0.170796274136695;0.659999999999855;0;0.920000000000073
"6587395";1;2;0.0436646612327716;0.139793384423617;0.00273839526085357;0.0523296785854219;0.304031763448782;0.172119116739056;0.639999999999873;0.0500000000000043;0.970000000000255
"6587395";1;3;0.0388234377346863;0.126276834387451;0.00200428785530228;0.0447692735623696;0.304031763448782;0.147251961619173;0.570000000000164;0.00999999999999801;0.949999999999818
"6587395";1;4;0.0407370202708228;0.130533613063694;0.00241003955846982;0.0490921537363133;0.304031763448782;0.161470476569411;0.659999999999855;0.019999999999996;1
"6595270";1;0;NA;NA;NA;NA;NA;NA;0.7199999999998;0.0200000000000031;1.11000000000058
"6595270";1;1;NA;NA;NA;NA;NA;NA;0.700000000000273;0.0300000000000011;1.09000000000015
"6595270";1;2;NA;NA;NA;NA;NA;NA;0.699999999999818;0.00999999999999801;1.10000000000036
"6595270";1;3;NA;NA;NA;NA;NA;NA;0.7199999999998;0;1.10000000000036
"6595270";1;4;NA;NA;NA;NA;NA;NA;0.75;0.0300000000000011;1.15999999999985
"6596867";1;0;NA;NA;NA;NA;NA;NA;0.650000000000091;0.0499999999999972;1.10999999999967
"6596867";1;1;NA;NA;NA;NA;NA;NA;0.739999999999782;0.0200000000000031;1.1299999999992
"6596867";1;2;NA;NA;NA;NA;NA;NA;0.75;0;1.11000000000058
"6596867";1;3;NA;NA;NA;NA;NA;NA;0.699999999999818;0.00999999999999801;1.07999999999993
"6596867";1;4;NA;NA;NA;NA;NA;NA;0.75;0.0300000000000011;1.14000000000033
"6598500";1;0;NA;NA;NA;NA;NA;NA;0.690000000000055;0.0300000000000011;1.14000000000033
"6598500";1;1;NA;NA;NA;NA;NA;NA;0.670000000000073;0.0399999999999991;1.07999999999993
"6598500";1;2;NA;NA;NA;NA;NA;NA;0.700000000000273;0.00999999999999801;1.09000000000015
"6598500";1;3;NA;NA;NA;NA;NA;NA;0.75;0.0300000000000011;1.11000000000058
"6598500";1;4;NA;NA;NA;NA;NA;NA;0.720000000000255;0;1.1200000000008
"6598925";1;0;NA;NA;NA;NA;NA;NA;0.699999999999818;0.0200000000000031;1.11000000000058
"6598925";1;1;NA;NA;NA;NA;NA;NA;0.730000000000018;0;1.05999999999949
"6598925";1;2;NA;NA;NA;NA;NA;NA;0.699999999999818;0.029999999999994;1.08999999999924
"6598925";1;3;NA;NA;NA;NA;NA;NA;0.690000000000055;0.0500000000000043;1.10999999999967
"6598925";1;4;NA;NA;NA;NA;NA;NA;0.699999999999818;0.0300000000000011;1.13000000000011
"6598940";1;0;0.0484203958027481;0.0966893070985192;0.0041754314213354;0.0646175782688844;0.509745208919048;0.126764464164186;0.639999999999873;0.0200000000000031;1
"6598940";1;1;0.0544134420337993;0.111805465301254;0.00434633152049213;0.0659267132541289;0.509745208919048;0.129332678562946;0.610000000000127;0.029999999999994;0.960000000000036
"6598940";1;2;0.0547946923696689;0.113416353802358;0.00440130972767283;0.0663423675163378;0.509745208919048;0.130148094294052;0.610000000000127;0.0200000000000031;0.960000000000036
"6598940";1;3;0.0545101166157966;0.112678604930112;0.00439050803666842;0.0662609088125753;0.509745208919048;0.129988291509569;0.670000000000073;0.00999999999999801;1.03999999999996
"6598940";1;4;0.0581465362849043;0.119088991139626;0.00496514754394579;0.0704638030760886;0.509745208919048;0.138233379820307;0.670000000000073;0;1.05000000000018
"6605391";1;0;NA;NA;NA;NA;NA;NA;0.679999999999836;0.0600000000000023;1.10999999999967
"6605391";1;1;NA;NA;NA;NA;NA;NA;0.75;0.019999999999996;1.10999999999967
"6605391";1;2;NA;NA;NA;NA;NA;NA;0.670000000000073;0.0300000000000011;1.10999999999967
"6605391";1;3;NA;NA;NA;NA;NA;NA;0.699999999999818;0;1.10000000000036
"6605391";1;4;NA;NA;NA;NA;NA;NA;0.779999999999745;0.0300000000000011;1.20000000000073
"6605396";1;0;0.0245340190031623;0.0961143269815224;0.000813520156189705;0.0285222747372944;0.255773663630381;0.111513727928267;0.570000000000164;0.0200000000000031;1.05000000000018
"6605396";1;1;0.0224940778016008;0.0871194894271825;0.00075266200982936;0.0274346862535251;0.255773663630381;0.107261575973557;0.619999999999891;0;0.920000000000073
"6605396";1;2;0.0250200916935026;0.0973274687763167;0.000830617682872662;0.0288204386308165;0.255773663630381;0.112679461293032;0.610000000000127;0.00999999999999801;0.970000000000255
"6605396";1;3;0.0194398635120842;0.0734099414137065;0.000644570292475407;0.0253883889302848;0.255773663630381;0.099261153669729;0.600000000000364;0;0.980000000000473
"6605396";1;4;0.0198876985882248;0.0771253127029836;0.000633530202071185;0.0251700258655248;0.255773663630381;0.0984074181378504;0.660000000000309;0;1
"6606317";1;0;NA;NA;NA;NA;NA;NA;0.699999999999818;0.0499999999999972;1.09000000000015
"6606317";1;1;NA;NA;NA;NA;NA;NA;0.75;0.0300000000000011;1.10999999999967
"6606317";1;2;NA;NA;NA;NA;NA;NA;0.669999999999618;0.00999999999999801;1.07999999999993
"6606317";1;3;NA;NA;NA;NA;NA;NA;0.670000000000073;0;1.10999999999967
"6606317";1;4;NA;NA;NA;NA;NA;NA;0.690000000000055;0.0300000000000011;1.08999999999924
"6606724";1;0;0.0147125057895201;0.0680356610921538;0.000342683848538805;0.0185117219225766;0.218224498307471;0.084828798169554;0.639999999999873;0;1.03000000000065
"6606724";1;1;0.0132801153928864;0.0630474320955432;0.000325500108851879;0.0180416215693568;0.218224498307471;0.0826745929503144;0.610000000000127;0.019999999999996;0.969999999999345
"6606724";1;2;0.0151655414215287;0.0727319912371739;0.000379819436545513;0.0194889567844334;0.218224498307471;0.0893069152894746;0.620000000000346;0;1
"6606724";1;3;0.0202831825229086;0.0973291757537885;0.000541944979042135;0.0232797117474022;0.218224498307471;0.106677810823063;0.579999999999927;0;1.02000000000044
"6606724";1;4;0.0197907244708519;0.0949665124641645;0.000509907691670473;0.0225811357480193;0.218224498307471;0.103476630365318;0.640000000000327;0;1.03999999999996
"6611136";1;0;NA;NA;NA;NA;NA;NA;0.710000000000036;0.0300000000000011;1.10000000000036
"6611136";1;1;NA;NA;NA;NA;NA;NA;0.720000000000255;0.0200000000000031;1.08999999999924
"6611136";1;2;NA;NA;NA;NA;NA;NA;0.779999999999745;0;1.15999999999985
"6611136";1;3;NA;NA;NA;NA;NA;NA;0.679999999999836;0.00999999999999801;1.13000000000011
"6611136";1;4;NA;NA;NA;NA;NA;NA;0.739999999999782;0;1.1299999999992
"6617012";1;0;NA;NA;NA;NA;NA;NA;0.690000000000055;0.0300000000000011;1.13000000000011
"6617012";1;1;NA;NA;NA;NA;NA;NA;0.75;0.0200000000000031;1.11000000000058
"6617012";1;2;NA;NA;NA;NA;NA;NA;0.739999999999782;0;1.11000000000058
"6617012";1;3;NA;NA;NA;NA;NA;NA;0.75;0;1.14000000000033
"6617012";1;4;NA;NA;NA;NA;NA;NA;0.730000000000018;0;1.14999999999964
"6617017";1;0;NA;NA;NA;NA;NA;NA;0.710000000000036;0.00999999999999801;1.13000000000011
"6617017";1;1;NA;NA;NA;NA;NA;NA;0.730000000000018;0;1.1200000000008
"6617017";1;2;NA;NA;NA;NA;NA;NA;0.700000000000273;0.019999999999996;1.14000000000033
"6617017";1;3;NA;NA;NA;NA;NA;NA;0.699999999999818;0.0200000000000031;1.13999999999942
"6617017";1;4;NA;NA;NA;NA;NA;NA;0.759999999999764;0;1.11999999999989
"6617582";1;0;0.0506844432413731;0.128783653199982;0.00516265779303619;0.0718516373719917;0.397088216888231;0.180946284266642;0.589999999999691;0.00999999999999801;1.32999999999993
"6617582";1;1;0.0421412593758094;0.110586397152675;0.00347207882041517;0.0589243482816329;0.397088216888231;0.148391077286029;0.559999999999945;0;0.990000000000691
"6617582";1;2;0.0444416244900994;0.114667500087418;0.0037912750217041;0.0615733304418731;0.397088216888231;0.155062094071667;0.659999999999855;0;1.01999999999953
"6617582";1;3;0.0381369866194581;0.0985486248563882;0.00285599685512473;0.0534415274400417;0.397088216888231;0.1345835136052;0.759999999999764;0;1.17000000000007
"6617582";1;4;0.0350424242725927;0.0885188442558155;0.00266321720694644;0.051606367891438;0.397088216888231;0.129961972419755;0.550000000000182;0;1.05000000000018
"6617583";1;0;NA;NA;NA;NA;NA;NA;0.75;0.00999999999999801;1.14000000000033
"6617583";1;1;NA;NA;NA;NA;NA;NA;0.779999999999745;0.0200000000000031;1.09000000000015
"6617583";1;2;NA;NA;NA;NA;NA;NA;0.730000000000018;0;1.11000000000058
"6617583";1;3;NA;NA;NA;NA;NA;NA;0.809999999999945;0;1.15999999999985
"6617583";1;4;NA;NA;NA;NA;NA;NA;0.730000000000018;0.00999999999999801;1.11999999999989
"6619762";1;0;NA;NA;NA;NA;NA;NA;0.760000000000218;0.019999999999996;1.10999999999967
"6619762";1;1;NA;NA;NA;NA;NA;NA;0.7199999999998;0.0300000000000011;1.07999999999993
"6619762";1;2;NA;NA;NA;NA;NA;NA;0.699999999999818;0;1.14000000000033
"6619762";1;3;NA;NA;NA;NA;NA;NA;0.730000000000018;0;1.14000000000033
"6619762";1;4;NA;NA;NA;NA;NA;NA;0.7800000000002;0;1.1200000000008
"6620670";1;0;NA;NA;NA;NA;NA;NA;0.659999999999855;0.0200000000000031;1.0600000000004
"6620670";1;1;NA;NA;NA;NA;NA;NA;0.759999999999764;0;1.10999999999967
"6620670";1;2;NA;NA;NA;NA;NA;NA;0.740000000000237;0;1.09000000000015
"6620670";1;3;NA;NA;NA;NA;NA;NA;0.769999999999982;0.0300000000000011;1.17000000000007
"6620670";1;4;NA;NA;NA;NA;NA;NA;0.7199999999998;0;1.11000000000058
"6620685";1;0;NA;NA;NA;NA;NA;NA;0.75;0;1.1299999999992
"6620685";1;1;NA;NA;NA;NA;NA;NA;0.75;0.00999999999999801;1.09000000000015
"6620685";1;2;NA;NA;NA;NA;NA;NA;0.809999999999945;0.0200000000000031;1.10999999999967
"6620685";1;3;NA;NA;NA;NA;NA;NA;0.720000000000255;0.00999999999999801;1.10999999999967
"6620685";1;4;NA;NA;NA;NA;NA;NA;0.7199999999998;0.019999999999996;1.15999999999985
"6626209";1;0;0.0454620532500366;0.331667927929302;0.00737298833717873;0.0858661070340256;0.325129012468141;0.264098569310051;0.610000000000127;0;1.03999999999996
"6626209";1;1;0.0449853608338111;0.322812708084546;0.00684795658339462;0.0827523811342889;0.325129012468141;0.254521675891344;0.630000000000109;0;0.929999999999382
"6626209";1;2;0.0442349545976151;0.326138463286269;0.00712959723618425;0.0844369423663851;0.325129012468141;0.259702884480846;0.590000000000146;0.0300000000000011;0.989999999999782
"6626209";1;3;0.0480083437344693;0.333884223321068;0.007235942072321;0.085064340779912;0.325129012468141;0.261632575125074;0.650000000000091;0;0.969999999999345
"6626209";1;4;0.0494579409474217;0.333623397639741;0.00699267602894691;0.083622222100031;0.325129012468141;0.257197047612677;0.590000000000146;0;0.980000000000473
"6630537";1;0;0.0783890099977355;0.607166376214184;0.0167533829168858;0.129434859743756;0.510350414854926;0.253619583674777;0.659999999999855;0.00999999999999801;1.01999999999953
"6630537";1;1;0.0821020543582001;0.607085905758826;0.0168138114766602;0.129668081950263;0.510350414854926;0.254076568130396;0.589999999999691;0;0.920000000000073
"6630537";1;2;0.0718492325143629;0.57108088793361;0.0149817632603204;0.122400013318302;0.510350414854926;0.239835238211956;0.590000000000146;0.0200000000000031;0.970000000000255
"6630537";1;3;0.0773526467037748;0.592034157398137;0.0162433538700408;0.127449416907418;0.510350414854926;0.249729231519577;0.590000000000146;0;0.989999999999782
"6630537";1;4;0.0782026577502576;0.570593097565196;0.0152043486363423;0.123305914847352;0.510350414854926;0.24161029609901;0.619999999999891;0;0.980000000000473
"6635588";1;0;NA;NA;NA;NA;NA;NA;0.7199999999998;0;1.09000000000015
"6635588";1;1;NA;NA;NA;NA;NA;NA;0.769999999999982;0.0499999999999972;1.10999999999967
"6635588";1;2;NA;NA;NA;NA;NA;NA;0.720000000000255;0;1.09000000000015
"6635588";1;3;NA;NA;NA;NA;NA;NA;0.769999999999982;0;1.13000000000011
"6635588";1;4;NA;NA;NA;NA;NA;NA;0.720000000000255;0.00999999999999801;1.10999999999967
"6635590";1;0;NA;NA;NA;NA;NA;NA;0.699999999999818;0.0200000000000031;1.13000000000011
"6635590";1;1;NA;NA;NA;NA;NA;NA;0.779999999999745;0.0300000000000011;1.11999999999989
"6635590";1;2;NA;NA;NA;NA;NA;NA;0.710000000000036;0;1.10999999999967
"6635590";1;3;NA;NA;NA;NA;NA;NA;0.700000000000273;0;1.13000000000011
"6635590";1;4;NA;NA;NA;NA;NA;NA;0.769999999999982;0.00999999999999801;1.11999999999989
"6636324";1;0;0.0767705245919764;0.1677096423332;0.00872409131571609;0.0934028442592413;0.444692858195631;0.210039002286273;0.599999999999909;0;0.989999999999782
"6636324";1;1;0.0521866293654347;0.116197755623946;0.00411869760015249;0.0641770800220179;0.444692858195631;0.144317766384692;0.610000000000127;0;0.909999999999854
"6636324";1;2;0.0582841565783505;0.130394184620568;0.00498154012000228;0.0705800263530858;0.444692858195631;0.158716347816937;0.640000000000327;0.0499999999999972;0.9399999999996
"6636324";1;3;0.061440635063889;0.137603719015082;0.00528834986726141;0.0727210414341091;0.444692858195631;0.1635309407243;0.579999999999927;0.0300000000000011;0.979999999999563
"6636324";1;4;0.0602893889248462;0.136026110612332;0.00520016026261662;0.0721121367220291;0.444692858195631;0.162161670449642;0.580000000000382;0.0200000000000031;1.03000000000065
"6636326";1;0;0.0539573300698342;0.142797453400413;0.00410496089796397;0.0640699687682457;0.412964965166304;0.155146257364579;0.640000000000327;0.00999999999999801;1.02999999999975
"6636326";1;1;0.0531481248539056;0.142860303492961;0.00423737038592318;0.0650950872641183;0.412964965166304;0.157628595050198;0.659999999999855;0;0.899999999999636
"6636326";1;2;0.0588713624665713;0.157318316325924;0.00532172537975508;0.0729501568178923;0.412964965166304;0.176649747487695;0.619999999999891;0;0.940000000000509
"6636326";1;3;0.0568990296115587;0.149931428532265;0.00464169440494043;0.0681299816889777;0.412964965166304;0.164977631120696;0.690000000000055;0;1.03000000000065
"6636326";1;4;0.0593910004012021;0.1522285519788;0.00440038045153794;0.0663353635064883;0.412964965166304;0.160631939999497;0.610000000000127;0.00999999999999801;0.979999999999563
"6647357";1;0;NA;NA;NA;NA;NA;NA;0.710000000000036;0.019999999999996;1.07999999999993
"6647357";1;1;NA;NA;NA;NA;NA;NA;0.730000000000018;0.0300000000000011;1.09000000000015
"6647357";1;2;NA;NA;NA;NA;NA;NA;0.720000000000255;0.0800000000000054;1.13000000000011
"6647357";1;3;NA;NA;NA;NA;NA;NA;0.670000000000073;0.029999999999994;1.11000000000058
"6647357";1;4;NA;NA;NA;NA;NA;NA;0.769999999999982;0.0300000000000011;1.10999999999967
"6351960_6353617_6354706_6355390_6355405_6357841_6358872_6369773_6373577_6373793_6384426_6391856_6394348_6396185_6396198_6396344_6397734_6398496_6400127_6402214_6406085_6412073_6429112_6429753_6429769_6430564_6430577_6431079_6431126_6431127_6431268_6431273_6431327_6431414_6431415_6431427_6431524_6432724_6432725_6434298_6434299_6436099_6436100_6436974_6438510_6438908_6439676_6439812_6439813_6439814_6440330_6440364_6440366_6440894_6441166_6441173_6441356_6441467_6441469_6441899_6441924_6442236_6443006_6443818_6443831_6444403_6444534_6445155_6447936_6449098_6449099_6449806_6451307_6451505_6451703_6452755_6453070_6453255_6453259_6453523_6456676_6456677_6456678_6456681_6456682_6457709_6459510_6461478_6462152_6462640_6466823_6466825_6467039_6470504_6472805_6473003_6477901_6478559_6481231_6483443_6484593_6491890_6496354_6501672_6502323_6502668_6505874_6506990_6507780_6507785_6515860_6515865_6523676_6524125_6528098_6530198_6533395_6536623_6543897_6544813_6547404_6548037_6548038_6551656_6552773_6558924_6559630_6560222_6560231_6564834_6566575_6587228_6587395_6595270_6596867_6598500_6598925_6598940_6605391_6605396_6606317_6606724_6611136_6617012_6617017_6617582_6617583_6619762_6620670_6620685_6626209_6630537_6635588_6635590_6636324_6636326_6647357";157;0;0.0730895565101139;0.300995075047168;0.0103567818084722;0.101768275058941;0.393365103150656;0.258712006336679;0.869999999999997;0.0800000000000001;10.89
"6351960_6353617_6354706_6355390_6355405_6357841_6358872_6369773_6373577_6373793_6384426_6391856_6394348_6396185_6396198_6396344_6397734_6398496_6400127_6402214_6406085_6412073_6429112_6429753_6429769_6430564_6430577_6431079_6431126_6431127_6431268_6431273_6431327_6431414_6431415_6431427_6431524_6432724_6432725_6434298_6434299_6436099_6436100_6436974_6438510_6438908_6439676_6439812_6439813_6439814_6440330_6440364_6440366_6440894_6441166_6441173_6441356_6441467_6441469_6441899_6441924_6442236_6443006_6443818_6443831_6444403_6444534_6445155_6447936_6449098_6449099_6449806_6451307_6451505_6451703_6452755_6453070_6453255_6453259_6453523_6456676_6456677_6456678_6456681_6456682_6457709_6459510_6461478_6462152_6462640_6466823_6466825_6467039_6470504_6472805_6473003_6477901_6478559_6481231_6483443_6484593_6491890_6496354_6501672_6502323_6502668_6505874_6506990_6507780_6507785_6515860_6515865_6523676_6524125_6528098_6530198_6533395_6536623_6543897_6544813_6547404_6548037_6548038_6551656_6552773_6558924_6559630_6560222_6560231_6564834_6566575_6587228_6587395_6595270_6596867_6598500_6598925_6598940_6605391_6605396_6606317_6606724_6611136_6617012_6617017_6617582_6617583_6619762_6620670_6620685_6626209_6630537_6635588_6635590_6636324_6636326_6647357";157;1;0.108850735417729;0.438238376127947;0.0192155016688302;0.138619990148716;0.393365103150656;0.352395240549911;0.699999999999999;0.04;6.37000000000001
"6351960_6353617_6354706_6355390_6355405_6357841_6358872_6369773_6373577_6373793_6384426_6391856_6394348_6396185_6396198_6396344_6397734_6398496_6400127_6402214_6406085_6412073_6429112_6429753_6429769_6430564_6430577_6431079_6431126_6431127_6431268_6431273_6431327_6431414_6431415_6431427_6431524_6432724_6432725_6434298_6434299_6436099_6436100_6436974_6438510_6438908_6439676_6439812_6439813_6439814_6440330_6440364_6440366_6440894_6441166_6441173_6441356_6441467_6441469_6441899_6441924_6442236_6443006_6443818_6443831_6444403_6444534_6445155_6447936_6449098_6449099_6449806_6451307_6451505_6451703_6452755_6453070_6453255_6453259_6453523_6456676_6456677_6456678_6456681_6456682_6457709_6459510_6461478_6462152_6462640_6466823_6466825_6467039_6470504_6472805_6473003_6477901_6478559_6481231_6483443_6484593_6491890_6496354_6501672_6502323_6502668_6505874_6506990_6507780_6507785_6515860_6515865_6523676_6524125_6528098_6530198_6533395_6536623_6543897_6544813_6547404_6548037_6548038_6551656_6552773_6558924_6559630_6560222_6560231_6564834_6566575_6587228_6587395_6595270_6596867_6598500_6598925_6598940_6605391_6605396_6606317_6606724_6611136_6617012_6617017_6617582_6617583_6619762_6620670_6620685_6626209_6630537_6635588_6635590_6636324_6636326_6647357";157;2;0.0875462337466735;0.352885272486249;0.0136908877945586;0.117008067219994;0.393365103150656;0.297454111416642;0.800000000000001;0.0699999999999998;8.59000000000003
"6351960_6353617_6354706_6355390_6355405_6357841_6358872_6369773_6373577_6373793_6384426_6391856_6394348_6396185_6396198_6396344_6397734_6398496_6400127_6402214_6406085_6412073_6429112_6429753_6429769_6430564_6430577_6431079_6431126_6431127_6431268_6431273_6431327_6431414_6431415_6431427_6431524_6432724_6432725_6434298_6434299_6436099_6436100_6436974_6438510_6438908_6439676_6439812_6439813_6439814_6440330_6440364_6440366_6440894_6441166_6441173_6441356_6441467_6441469_6441899_6441924_6442236_6443006_6443818_6443831_6444403_6444534_6445155_6447936_6449098_6449099_6449806_6451307_6451505_6451703_6452755_6453070_6453255_6453259_6453523_6456676_6456677_6456678_6456681_6456682_6457709_6459510_6461478_6462152_6462640_6466823_6466825_6467039_6470504_6472805_6473003_6477901_6478559_6481231_6483443_6484593_6491890_6496354_6501672_6502323_6502668_6505874_6506990_6507780_6507785_6515860_6515865_6523676_6524125_6528098_6530198_6533395_6536623_6543897_6544813_6547404_6548037_6548038_6551656_6552773_6558924_6559630_6560222_6560231_6564834_6566575_6587228_6587395_6595270_6596867_6598500_6598925_6598940_6605391_6605396_6606317_6606724_6611136_6617012_6617017_6617582_6617583_6619762_6620670_6620685_6626209_6630537_6635588_6635590_6636324_6636326_6647357";157;3;0.0794139420254571;0.325074512577447;0.0120243401060792;0.109655552098739;0.393365103150656;0.278762786074445;0.789999999999999;0.03;10.14
"6351960_6353617_6354706_6355390_6355405_6357841_6358872_6369773_6373577_6373793_6384426_6391856_6394348_6396185_6396198_6396344_6397734_6398496_6400127_6402214_6406085_6412073_6429112_6429753_6429769_6430564_6430577_6431079_6431126_6431127_6431268_6431273_6431327_6431414_6431415_6431427_6431524_6432724_6432725_6434298_6434299_6436099_6436100_6436974_6438510_6438908_6439676_6439812_6439813_6439814_6440330_6440364_6440366_6440894_6441166_6441173_6441356_6441467_6441469_6441899_6441924_6442236_6443006_6443818_6443831_6444403_6444534_6445155_6447936_6449098_6449099_6449806_6451307_6451505_6451703_6452755_6453070_6453255_6453259_6453523_6456676_6456677_6456678_6456681_6456682_6457709_6459510_6461478_6462152_6462640_6466823_6466825_6467039_6470504_6472805_6473003_6477901_6478559_6481231_6483443_6484593_6491890_6496354_6501672_6502323_6502668_6505874_6506990_6507780_6507785_6515860_6515865_6523676_6524125_6528098_6530198_6533395_6536623_6543897_6544813_6547404_6548037_6548038_6551656_6552773_6558924_6559630_6560222_6560231_6564834_6566575_6587228_6587395_6595270_6596867_6598500_6598925_6598940_6605391_6605396_6606317_6606724_6611136_6617012_6617017_6617582_6617583_6619762_6620670_6620685_6626209_6630537_6635588_6635590_6636324_6636326_6647357";157;4;0.0792329128917403;0.32435669614939;0.0119868348719241;0.109484404697309;0.393365103150656;0.278327700704495;0.84;0.03;11.74
